1,-2,2,3,3,-2,-1,-3
0,0,7,11,1,-2,1,-2
0,-1,-4,3,3,0,0,1
-2,-2,-1,-3,-9,-1,0,-1
-3,0,-3,2,5,0,-1,2
1,1,-2,-4,-5,-3,-2,-1
-4,-2,-1,-2,6,-1,-2,-2
0,-1,-1,-1,-3,-4,-1,-1
-2,-2,-2,-11,1,0,0,0
1,2,4,12,8,0,1,-2
-1,-4,-8,-3,-19,-4,-3,-2
1,0,6,4,10,0,-3,2
1,-3,-8,-14,4,0,-1,-1
-2,-1,0,1,-5,1,-2,-2
1,0,-1,0,2,0,-1,-2
-1,-1,-5,-3,-2,0,2,-2
-1,0,1,15,-5,-3,-2,1
-2,-2,-9,-18,-10,-5,-3,0
-2,-3,-6,-13,2,-2,1,-2
0,1,3,9,2,0,-2,-1
0,1,1,1,0,3,-1,-1
-1,-5,-5,-4,-2,-1,0,-1
1,0,0,-1,-3,-1,-1,-1
-1,-1,-5,-8,1,-2,-1,0
0,-2,-5,-10,-13,0,-3,0
-1,-1,-1,1,0,2,0,1
-1,-1,-6,-6,-2,1,-2,-1
1,1,5,6,3,0,0,0
-3,-1,-1,-1,1,-2,0,-4
-2,-3,-3,-2,-3,-1,-2,-1
-2,-7,0,-1,4,1,0,0
-2,-1,0,0,-12,0,-2,-2
0,3,1,-8,4,-2,-2,2
-1,1,1,4,1,-2,-3,0
0,1,-1,-2,-5,-2,0,-2
-1,-4,-12,-8,7,-1,-1,-1
-2,-3,3,-1,-17,-5,0,-1
0,1,3,6,10,0,0,-2
0,0,-2,-5,-16,-3,-2,-1
-1,0,-3,-1,6,3,-2,1
0,-2,-9,-2,5,1,-1,-1
1,-1,-3,-5,-2,-1,0,-1
-1,0,2,10,0,-2,0,-1
-4,-1,-1,-8,-4,-2,-1,-2
-2,-2,0,3,6,1,-1,0
1,-1,-1,4,-2,-2,0,-2
0,1,-1,-4,2,-1,-1,-2
0,-3,0,-3,-3,-3,-1,0
-2,1,5,11,5,2,-2,-2
-3,1,-1,0,-3,-1,0,0
-1,0,-2,0,4,-1,-1,0
0,0,-6,-4,-2,-1,0,-2
0,0,0,3,6,-2,2,-1
0,-1,4,2,9,3,2,-3
-2,-1,-2,-4,2,-3,-2,-1
-1,-1,1,2,4,2,-1,-2
-1,-2,-4,3,7,0,1,-1
-2,-3,-2,-5,-1,0,-2,-1
-1,0,-1,-4,-1,1,3,1
0,1,8,15,-2,-5,-2,-3
-2,-1,-6,-2,0,-2,-3,-4
0,3,5,1,10,0,-1,-1
0,-1,3,-8,-21,-3,0,0
2,-3,-4,-1,7,3,1,3
1,-1,-5,-6,-3,2,-1,2
-3,-3,-8,-7,-18,-4,-2,-2
-2,0,2,6,7,1,-1,-2
-4,-1,2,3,3,0,1,0
0,0,-4,-15,-2,2,-1,0
1,-2,-4,0,-5,-1,-1,1
1,4,1,16,9,3,-2,1
0,-5,-4,-5,-2,-2,1,-1
0,3,-3,-10,-8,-3,-5,-1
7,2,-4,-16,-23,-4,3,3
-5,-4,1,8,1,2,-2,-3
4,7,3,9,11,1,1,2
0,-3,2,15,12,-2,-1,1
5,3,-3,-4,6,0,0,12
-24,-20,-18,-40,-15,-11,-14,-56
14,17,30,35,16,10,11,24
7,-2,-11,21,-9,-5,3,9
-3,2,9,29,12,-1,-6,9
-12,-12,-5,-29,-67,-12,7,-33
-12,-23,-29,-10,13,-17,-28,16
12,0,17,-3,-3,4,6,22
8,-6,-7,19,18,-13,-80,94
24,13,-11,-39,-14,-6,38,-52
-37,-44,-19,-39,45,19,69,-57
-37,37,2,6,16,18,-46,-63
-25,-4,16,43,23,10,66,-72
17,7,-5,-1,24,-14,-39,87
55,28,22,10,-12,3,-22,94
5,-28,-19,-53,-25,-14,20,-11
-7,-7,0,7,27,-2,-13,30
-10,-1,-2,10,-22,7,-12,-116
19,13,1,11,-10,-8,2,90
38,18,34,30,22,13,14,108
3,10,-8,-14,-21,-4,21,-114
1,-37,9,47,36,14,-13,56
-59,-2,-43,-91,-76,-19,34,-128
4,-3,24,62,79,14,30,93
-17,16,12,-80,-29,-14,-69,-52
-15,-7,-28,-2,14,14,45,-29
10,14,29,15,3,-1,-47,-21
11,12,-34,-8,-6,2,21,46
48,-3,19,15,16,10,-18,-37
17,3,6,52,73,11,45,4
-35,-9,6,-37,-44,-15,-66,-125
6,-18,-56,-1,2,-4,-16,22
-30,-16,-14,-26,2,-9,41,-40
54,40,10,20,21,0,-16,101
-62,-47,3,108,79,22,-25,-128
1,18,14,-111,-77,-34,-47,89
-24,-30,-16,70,106,12,7,64
-35,-7,-6,-41,-55,-7,47,-91
59,33,3,16,-14,6,28,127
-10,-8,17,-41,49,-4,-13,-128
-16,-4,-15,24,58,1,-53,26
23,16,10,12,44,5,41,30
27,11,-4,14,6,-9,-6,19
-32,-11,12,55,14,7,18,-68
45,14,12,40,-19,8,45,127
-50,-37,-14,-89,-73,-26,-51,-85
27,18,14,79,83,25,6,117
-12,-4,-21,-91,-96,-39,-29,43
-8,2,14,59,86,5,15,-111
-16,8,-1,13,-70,-23,-22,98
-10,1,5,-31,-42,-8,5,45
-4,-19,-26,-49,-92,-18,-15,-87
23,18,10,-12,-25,0,66,120
-1,14,37,83,72,27,-45,-48
4,4,-12,-83,-40,-21,29,45
26,17,23,89,114,17,15,-3
8,0,14,-87,-95,-16,47,54
-18,-23,-81,3,-15,0,6,-63
-37,1,7,-59,-74,-23,-44,-40
-15,-15,-7,24,38,24,32,-15
22,19,5,18,48,4,-3,78
24,14,39,116,106,12,38,89
33,-13,-20,-90,-63,-1,-31,51
-29,11,16,-4,-23,8,33,-128
0,35,-12,-31,32,-20,-55,67
-31,-37,-8,-20,-26,10,-26,-5
-18,-18,-25,84,90,13,-4,-107
18,8,79,30,-9,10,85,127
8,3,-3,0,-52,16,-38,-128
3,3,12,-80,-36,-35,-33,42
-12,-25,-18,-9,10,-8,8,-21
25,39,12,73,55,42,15,65
44,-16,9,-32,-30,-31,19,115
-43,3,-6,-41,-77,-23,-37,-83
-35,-30,4,3,-2,7,-22,-81
-11,-26,-49,4,-15,-11,-29,41
-1,10,13,6,-6,34,19,45
40,27,43,74,76,11,16,109
16,9,-29,-41,-39,-36,-38,17
-24,-21,-29,-66,-46,-9,-21,-126
-13,-6,-3,12,23,39,15,-39
25,-6,0,-4,14,-19,18,58
-14,14,0,37,32,8,-31,-51
7,-8,27,44,38,-14,-34,-14
-30,-21,-20,-55,-90,-22,-34,-31
19,22,-7,8,19,9,26,-59
24,-15,2,7,10,16,46,127
-17,5,-13,-29,8,-19,-41,-89
-18,-7,-12,5,14,-5,3,-13
-3,-4,7,6,6,3,-5,-12
22,24,19,-11,-4,1,29,29
1,-12,-6,31,12,36,42,4
-17,-15,-8,-5,-6,-29,0,6
15,18,-20,-38,-22,-15,-21,17
-8,-2,12,20,25,12,35,62
9,-18,-8,16,40,6,-39,-47
-21,-19,2,39,39,2,24,-24
-34,-10,-15,-34,-49,3,-38,-64
-2,8,2,-4,-23,-13,12,28
9,-3,-9,-23,-27,-13,-9,81
10,2,-3,-4,-10,3,-9,52
2,-7,3,-4,14,8,18,0
13,7,5,40,46,6,28,9
-8,7,2,1,-9,-1,-55,1
6,1,-3,36,28,2,5,-73
-25,-23,-17,-87,-91,-28,-10,15
9,6,9,31,52,17,-7,-68
-1,9,-3,-9,-4,-17,14,10
-14,-11,-5,5,2,10,5,-31
11,9,10,13,44,21,2,20
3,-6,-2,-4,2,-21,3,29
3,-2,8,22,17,25,6,14
-5,8,-13,-44,-43,-13,-15,-27
12,-13,13,29,50,10,17,116
-41,1,-7,-38,-30,-13,-16,-120
10,8,-2,23,37,6,10,75
-11,0,-3,2,3,8,-7,-44
17,5,5,-11,7,-1,-3,54
19,3,-1,19,20,12,10,98
3,-5,-1,-23,-39,-27,-5,-9
-19,1,-4,11,18,13,-6,-98
-4,1,-5,-11,-27,-2,-20,-4
11,4,13,7,-2,-3,15,35
-15,-10,-11,-27,-29,-4,-7,32
19,5,3,4,0,-4,28,29
6,5,4,47,51,5,19,52
-16,-4,-14,-50,-62,-7,-47,-123
3,-4,-13,2,-13,-4,14,18
8,9,-19,-6,12,-11,-12,43
24,13,28,7,26,9,63,81
-30,-17,-3,19,12,-3,-16,-71
-10,7,12,16,6,1,-23,-14
-3,-4,-3,-16,-32,-19,1,47
-2,-4,1,8,34,25,2,76
29,0,-5,-5,27,-14,24,54
-19,-8,4,10,9,-8,-13,-85
-11,-3,7,-14,-5,0,-9,15
-6,-2,-1,14,18,2,-23,-106
8,5,5,6,2,15,2,26
-2,-3,0,0,6,-5,24,-1
9,-2,6,25,25,3,-1,66
3,-1,-4,-25,-41,1,-17,-62
-29,1,-5,2,0,13,39,-95
21,-2,6,37,19,-13,29,127
4,-12,-3,-45,-54,9,-9,-19
-13,-5,-17,-58,-73,-39,-23,-97
4,0,5,20,39,7,-15,27
3,-5,-6,19,25,9,4,1
1,6,4,1,-6,11,3,11
-8,4,-3,-13,-21,-18,-22,24
7,9,0,-27,-18,-13,-30,-40
4,-5,-5,-7,13,8,32,11
-7,-5,7,20,17,19,-23,-66
6,10,-4,15,15,11,1,9
-18,-6,1,-7,-34,-25,-6,13
6,3,1,-9,1,6,2,-2
16,3,-2,-23,-22,-12,8,69
-9,-8,1,33,33,26,1,-16
-2,9,-4,-17,-14,-10,-7,-20
-6,-6,-15,-34,-31,-13,-15,-18
-1,19,7,17,18,1,2,-15
3,-27,-2,2,41,4,4,30
15,15,-56,4,7,8,10,70
-6,6,71,1,-2,3,-8,-74
2,-8,35,43,52,6,4,16
7,19,-38,25,25,10,10,36
-34,-32,5,-59,-74,-16,-15,-71
1,12,36,-8,-18,-12,2,15
0,-10,1,12,12,12,5,21
-8,16,-6,2,3,-7,-24,-114
-5,-13,37,13,-6,-1,9,-5
5,8,-11,-10,-21,2,19,16
3,-10,1,-20,-27,-21,-18,-6
-2,-16,3,41,32,-5,16,30
3,15,5,-33,-31,15,8,-21
9,1,-6,-2,11,-1,-7,27
-25,-10,-12,-31,-48,-10,-12,-99
5,5,6,40,30,12,5,18
19,0,1,-15,-27,-6,23,69
10,13,10,6,7,14,0,32
0,-5,0,-8,-1,-1,-12,-4
-13,-1,-15,-10,-24,2,-14,-126
-9,2,18,24,35,28,7,40
-15,-19,-5,-24,-51,-44,-7,33
14,5,5,50,38,9,16,43
9,0,-19,-89,-61,-29,-17,21
0,-5,2,6,47,23,2,37
-3,3,5,20,32,0,-8,-94
-5,1,-5,2,18,-11,-4,12
-3,-8,-1,25,-17,6,3,24
4,10,14,-5,-12,-8,-3,-8
2,-14,-24,-23,-30,6,12,30
-3,4,2,-20,-25,1,-3,-29
-10,-5,-4,23,43,3,-11,-18
9,11,22,3,3,-11,1,11
-20,-19,-13,2,28,20,-1,-37
0,15,23,-12,-24,-10,7,3
-1,-11,-8,32,61,5,1,36
3,-12,0,35,36,27,11,7
-3,5,42,92,64,-32,-15,-59
-5,0,-91,-122,-121,-25,-15,-1
4,-5,36,39,83,16,23,32
-11,-8,3,35,48,-5,-18,-50
8,-16,9,37,16,26,15,41
1,22,9,65,55,12,11,10
-7,-7,-43,-98,-109,-43,-19,-13
7,-1,-27,19,27,2,19,49
-3,-1,-6,-24,-4,4,-16,0
-30,-7,-5,25,20,-7,-22,-62
1,2,-1,-6,-37,-3,-9,-20
-9,1,11,-13,-23,-9,-12,-92
25,23,1,-36,-40,6,1,106
-6,-25,-1,-7,6,10,17,-37
-4,4,-4,7,-3,-13,-21,53
-9,2,8,-15,-23,-18,-2,-33
-12,-5,-2,-9,1,2,-8,-45
14,-7,10,28,21,18,14,47
3,8,6,-22,-35,-5,0,-16
8,2,5,-21,12,-3,2,20
-9,-16,-28,-24,0,6,12,-1
11,21,-14,6,23,4,4,13
3,-10,27,26,24,-3,9,22
-8,-8,-12,6,-19,-2,-6,-44
21,12,-3,-8,-6,-4,29,100
-13,-1,24,-17,-13,-14,-34,-84
-26,-6,-9,25,37,38,1,-10
0,-6,-9,-8,4,-18,-2,44
2,3,11,-11,-29,-10,1,3
14,-11,7,27,21,0,15,59
8,7,-12,-28,-17,2,1,9
-5,2,-3,-3,-13,1,-1,-27
1,4,10,-28,-26,-6,0,-20
-8,-15,10,-1,6,6,-8,2
1,7,-4,19,17,-3,0,-9
3,2,9,5,-7,-3,2,7
9,-10,-12,3,6,-5,15,75
7,5,6,-14,-10,8,-20,-75
-21,1,1,4,4,-6,1,-57
-4,-1,-3,5,-3,-4,11,60
0,3,1,7,9,27,2,-5
5,-6,3,-11,27,-27,17,55
22,9,-5,-10,-19,2,-1,34
-11,-5,-13,-13,-31,-13,-24,-49
-22,-21,6,-5,-5,-12,-6,-73
2,11,7,5,6,19,-3,29
7,8,1,12,13,-6,9,-10
1,-5,-16,-8,-11,5,3,37
1,11,10,25,18,2,-8,-45
-12,-9,4,-21,-10,-15,-13,-11
6,-7,-23,-17,-9,0,10,28
33,17,15,23,30,10,16,104
-24,-6,-10,-27,-20,-11,-57,-103
-17,-5,-5,-4,-33,16,10,15
-7,2,-7,-25,-22,-27,2,30
6,-1,6,22,40,10,12,40
10,18,-4,23,26,1,12,23
12,1,23,-29,-44,-9,4,-2
-10,-10,-11,16,28,17,-2,-5
-3,-19,-3,-3,-11,-4,-2,52
-7,5,21,-2,-8,-15,-9,-91
-19,-8,-25,4,0,11,-43,27
3,-5,16,19,24,4,41,96
0,3,-9,-5,2,-7,-8,-42
3,9,-4,-9,-7,0,-1,-27
7,-6,2,8,18,-1,10,6
3,1,9,2,-12,11,-9,-20
-2,0,-3,-4,8,2,-8,-22
-4,-4,-8,-16,-17,-16,9,35
19,11,7,30,34,-3,11,13
-1,1,-15,-14,16,21,-3,5
-13,-13,-1,0,-25,-16,-16,-94
-9,-3,-19,7,15,3,-3,21
-1,0,22,15,5,4,16,-1
-1,-6,-2,-20,-48,-12,-8,-28
7,2,-2,-2,15,0,-2,44
-13,16,0,2,-4,-6,-14,-27
-1,-7,-18,-3,-3,-4,12,-17
1,13,8,11,7,19,16,-4
-14,-14,-1,-6,-1,-9,-10,-39
5,-10,-10,-6,-16,-2,1,25
3,0,5,39,36,7,0,32
-3,-4,-13,-63,-58,-16,-20,-37
5,1,-10,7,33,11,27,99
2,2,7,6,0,5,-5,-62
-9,0,-15,3,18,-3,-20,13
0,-7,4,29,25,-3,9,13
-1,0,8,-11,-19,-4,4,11
14,-10,-6,-14,-21,-3,9,60
-19,-3,-5,-10,-17,1,1,-38
-2,10,1,15,24,-9,-16,-46
2,5,6,-3,-10,-3,-6,-6
-7,-8,2,-2,40,16,19,40
13,-2,0,-11,-8,-6,-1,-9
1,-7,7,8,4,-20,2,54
-22,1,-1,12,5,2,-29,-128
6,-5,0,0,-3,0,10,32
-4,3,-6,-12,-11,4,9,5
0,-1,5,12,20,-4,-11,26
3,-4,-2,3,-14,-2,-7,4
1,-3,-1,-8,-5,7,28,16
-2,-2,-8,-33,-42,-9,-10,-7
-6,3,5,43,46,9,-4,-36
-3,1,-7,-44,-40,3,-5,-28
-6,-13,-1,-2,12,-12,-9,32
3,-6,4,5,0,5,6,-6
5,7,-18,-5,9,7,5,26
-3,10,-1,10,25,-4,-2,-2
-13,-8,12,2,-9,2,-15,-39
4,12,-2,-11,-9,-12,1,18
0,-6,8,15,10,6,-2,-56
16,1,1,-2,23,18,20,61
6,3,-7,3,-26,-1,9,53
-9,-7,-1,-11,-2,-12,-13,-47
-6,-6,6,-11,-12,16,6,17
-3,6,1,19,19,-12,-6,-45
3,2,1,2,-6,-4,-7,19
9,-1,-1,0,-2,11,13,22
-1,1,1,-4,-8,-12,-9,4
-2,4,7,-8,-12,-2,-5,-15
2,-2,-10,1,18,-10,-5,31
5,-5,-3,8,29,11,4,-4
-8,4,6,-3,2,0,-16,-85
-7,-3,-13,20,18,9,7,28
7,9,20,-10,-16,-3,14,10
-7,-12,-4,3,5,-6,-9,38
3,-4,20,-15,-24,-4,-6,-22
0,7,6,17,1,0,7,-45
12,-1,-7,1,11,17,-7,40
-23,-8,-3,-13,-16,-8,5,-62
1,0,-5,3,-8,-14,-7,26
6,1,10,-3,-14,2,2,20
-1,-4,-12,13,6,4,2,-5
9,6,-2,-7,9,-5,-4,0
-1,14,-8,-24,-36,-17,-5,5
-2,-10,0,17,38,5,-7,11
-10,3,0,-19,-37,-6,-8,-79
10,1,-6,9,11,7,10,37
3,-6,-6,12,19,-8,-5,15
6,5,12,-7,-1,3,-11,35
-4,-2,-7,5,-12,-2,2,-86
-12,-7,-3,-5,-12,-8,2,10
11,-5,4,-16,-25,4,2,23
0,9,-8,-8,-22,1,9,30
7,-4,4,6,22,-1,-5,51
-9,7,2,3,-12,1,2,-68
-15,-19,-13,-4,11,15,1,-8
3,0,2,-8,-19,-18,7,38
-10,-6,-12,4,14,-7,-13,-63
11,12,10,9,14,6,14,58
4,1,4,4,1,5,-12,7
-21,-17,-23,19,20,2,-6,-55
3,12,5,-72,-83,-8,3,70
0,-7,1,18,51,11,-6,-63
2,1,0,4,-3,-7,7,16
2,-2,-5,1,3,2,-1,-10
3,9,16,15,6,1,11,46
7,-10,-34,-19,-34,-10,-13,-24
-10,2,-9,0,19,8,-6,-18
5,-4,16,-3,0,-7,-1,14
-1,1,-5,10,26,20,4,-6
-3,-9,-2,-21,-27,-25,-7,-23
7,4,-8,12,8,-1,0,-12
-9,1,-7,-11,-9,7,-4,-30
8,-3,11,23,40,1,-7,35
-9,5,5,-4,-31,3,8,2
2,-5,-3,-3,-8,4,1,-3
4,4,3,-14,-16,-9,2,0
-21,-9,-5,-9,4,-4,-7,-37
16,10,11,32,28,25,2,86
-7,-4,-2,-20,-24,-19,1,-59
-5,5,4,4,2,2,4,-2
-1,-10,-21,-12,-25,-9,-7,-32
0,0,3,-2,1,-6,-9,26
1,0,27,16,18,6,2,7
8,2,-7,-7,-7,2,10,33
-1,-6,3,15,27,-2,-2,-20
-12,-11,-2,-4,-10,-5,-8,-29
1,6,-1,8,8,0,-4,16
-2,-6,0,4,-26,-11,6,-18
9,8,-4,-1,11,8,-4,16
2,6,7,-2,13,1,6,30
-15,-5,-3,16,29,2,2,9
-6,-15,-16,-32,-41,8,-13,-65
2,9,14,11,18,-1,10,60
7,7,-2,-2,-6,-5,2,-50
7,1,-1,21,15,1,-6,23
8,10,5,-16,-15,12,7,25
-16,-12,-8,2,4,-8,-3,-36
-2,-6,-3,-7,-4,-7,-13,2
10,1,0,7,15,-5,15,61
2,3,1,-5,7,5,-3,-43
8,1,-4,-6,-10,-3,11,18
2,3,-5,12,11,2,0,39
2,3,5,-19,-21,3,-1,-44
-5,-6,1,16,24,10,-3,31
-4,0,-5,1,9,-19,-24,-40
-4,4,10,-12,-21,-5,11,-2
1,-9,-17,-11,-16,-5,3,41
-6,5,0,11,14,10,4,-28
-7,1,0,-8,-12,-2,-5,-28
-1,-5,-1,13,12,5,-2,13
1,-2,-7,-27,-31,-9,-2,1
-2,-7,0,8,5,-11,-2,27
0,5,2,10,6,12,8,-10
6,-1,-2,-5,-2,-5,3,14
-5,-4,-3,-25,-39,5,-10,-41
-4,-2,2,15,7,-10,-4,-17
2,-2,0,6,-3,5,-2,-6
-3,-2,-5,-48,-63,-11,8,13
6,5,6,20,49,8,7,14
2,0,4,2,-7,-4,-1,32
1,3,1,4,9,3,-4,-14
-6,6,-15,5,4,1,2,-62
-6,-2,1,8,11,-1,1,4
-6,-5,5,-25,-18,-8,3,14
8,3,18,-4,-2,-5,-4,31
11,-5,-14,14,18,26,9,54
-17,-6,-2,16,24,-13,-14,-103
0,-2,1,0,-5,-13,-14,28
-5,-3,-13,-33,-63,0,8,-22
3,-3,23,9,17,-12,-23,19
1,7,-2,11,2,4,23,32
13,5,-14,-12,-9,-6,4,-3
-15,-9,1,5,12,3,1,-7
3,3,-8,-3,5,3,-3,-5
-2,-11,-2,-14,-43,1,-1,64
-6,6,3,19,27,-18,-14,-89
-1,-7,-1,2,7,3,13,16
-3,2,0,-7,-9,16,6,25
3,8,4,7,18,-23,-10,-17
-5,-13,-4,-13,-5,7,-3,9
-5,12,-9,7,23,-6,-15,8
-5,-2,6,11,4,-6,5,-61
7,0,-3,-11,-8,12,1,19
1,-5,1,10,3,-2,-6,20
5,-2,0,9,1,-1,7,10
-10,-2,-2,9,21,-6,-19,-17
6,2,2,-14,-19,8,9,13
-4,-7,-10,-16,-3,0,-2,-24
4,-1,17,15,26,0,-8,-37
-5,-7,-13,-10,-18,-3,-2,4
5,-3,7,22,30,8,13,40
-1,14,6,4,11,-1,-7,-31
-10,-7,-9,4,1,-1,-5,7
9,1,-1,-26,-42,0,6,45
-7,-5,-12,-3,-1,-14,-27,-58
-7,-7,5,-6,3,7,3,-9
7,2,2,10,3,1,4,24
-8,-5,2,2,-10,4,8,-11
6,3,-7,-19,-35,-16,4,97
-6,-4,-5,13,10,19,-7,-85
-3,10,1,-13,-12,-22,-11,-18
1,-4,3,12,4,-11,-2,23
2,2,4,-24,-40,12,9,2
4,4,6,13,16,2,2,56
-8,-11,-9,-13,-20,-5,15,-36
0,6,0,17,18,-3,-7,-7
-2,-3,0,-4,-4,8,-8,-32
-5,-2,-2,-1,12,0,-1,24
10,2,-4,-4,-31,-19,-9,41
1,-5,5,4,8,-2,8,-51
-4,5,-3,5,2,-3,-11,-40
-1,-2,-5,-26,-34,-7,2,38
13,9,1,0,11,11,6,36
-1,-6,-3,5,16,27,3,9
-5,-3,2,17,23,-11,-7,-37
-2,4,0,-8,-14,-16,-13,-45
-3,1,-3,-2,-2,4,10,37
-1,0,3,7,15,-1,0,5
-7,-4,0,-5,-8,1,0,-7
10,8,5,6,0,-5,2,36
-3,-11,-2,-8,-3,1,-2,-40
3,-10,-18,-17,-10,7,7,38
-6,-7,-8,0,7,-6,-11,-2
-15,-10,-5,-3,-8,-11,-14,-71
0,4,3,12,9,-1,2,3
3,0,1,-7,-12,-8,-2,-3
5,9,7,-6,0,5,13,33
9,4,-3,2,3,9,7,22
9,1,7,-1,3,6,8,-11
-22,-7,-11,-4,-2,-10,-27,-56
-3,-3,4,7,7,3,-14,-17
1,-7,4,7,14,9,43,62
8,18,-2,1,9,-1,-1,-22
0,-7,-7,-34,-49,-14,-1,25
-3,-9,-6,10,8,4,3,10
-2,-4,1,2,-6,-2,-17,-32
2,-4,-1,-1,4,6,10,47
1,12,17,18,40,12,-6,-59
-3,-4,-15,-11,-14,-6,0,10
1,-2,-3,-1,4,-19,-7,19
-8,0,-5,-1,-18,7,-6,-45
-1,-1,11,5,15,-3,7,24
8,3,1,-1,-5,-2,5,33
-4,-1,-6,-1,0,5,-5,-75
-9,-13,-1,-3,14,0,-7,11
3,6,0,12,15,-1,4,22
-7,-6,-5,-36,-49,-1,-1,-35
8,10,12,13,10,-8,3,35
0,3,2,-2,-10,2,-8,1
1,-3,-8,3,2,5,9,-17
-5,1,11,18,21,-3,-1,13
-2,-1,-4,2,2,8,0,-10
0,-1,-5,-23,-13,21,-13,-18
2,9,-4,-6,-19,-37,3,20
6,0,9,41,54,12,6,1
-1,-8,-27,-56,-94,-10,-7,22
-5,6,55,21,48,3,-4,-43
-4,-15,-31,-7,-22,3,-7,-9
5,7,2,4,14,7,11,24
4,-2,-4,6,1,-4,-9,-2
-3,-2,-8,-1,4,0,0,1
-8,1,12,-4,-3,-2,-9,-47
1,1,-6,-3,1,-4,-8,-28
2,7,14,3,6,5,8,37
3,-17,-30,9,-10,0,6,17
-9,-6,-8,-36,-38,-11,-6,24
-3,-2,-12,7,19,6,2,-31
-1,-1,6,12,20,3,-6,14
-4,5,-1,-6,-22,-5,-6,-50
3,-12,-6,15,15,-9,6,44
-9,-5,-1,-13,-3,16,16,-43
-6,4,6,-4,-1,-4,-15,-3
-3,-4,4,7,20,-14,-5,-13
6,12,15,11,2,-1,-2,29
6,15,6,-12,-22,-14,-10,-11
-2,-6,-7,16,26,16,14,9
-6,3,-3,-5,2,-1,-1,13
6,-14,0,-4,-1,-4,-5,-12
2,23,-3,9,12,4,-7,9
-2,-6,23,2,2,-6,6,-5
2,-5,-15,1,-7,1,5,31
2,5,8,-2,6,4,2,-12
4,-11,-10,9,-7,10,6,25
1,7,3,-17,-11,21,-6,-18
0,-12,-11,7,6,-32,2,65
-10,-2,-14,-24,-39,-13,-18,-70
-5,-9,8,2,8,1,-1,4
4,15,-4,3,6,1,1,-7
-4,-5,3,7,7,11,0,-26
7,17,6,9,22,15,7,28
-1,-5,3,-22,-25,-21,-10,-2
6,-8,-16,11,16,-2,8,34
-11,-1,-1,-16,-30,-4,-1,-29
2,9,0,15,42,13,6,19
-12,-9,2,6,1,-20,-13,-30
2,0,-2,-10,-2,18,6,34
1,7,-3,5,-7,-20,-9,-39
3,-13,10,6,16,10,4,54
-8,-10,-4,-7,-18,-6,-7,-75
-3,7,-11,0,4,-3,6,10
0,-5,-1,-24,-42,0,-6,-1
-1,-1,4,11,4,0,4,6
6,-2,-4,-9,13,8,0,32
-4,4,-14,13,0,-17,-2,-49
8,5,23,6,7,7,1,5
-3,-4,0,-15,-22,-4,0,-26
0,4,8,4,14,15,11,58
-1,-9,0,4,0,9,-5,-27
-1,-10,-33,-12,2,-6,-1,22
7,21,17,22,14,-10,-6,-5
-8,-7,2,-9,-4,4,-1,-21
1,8,11,0,5,-4,6,53
-7,-4,-11,-13,-11,8,-4,-50
9,-2,-18,8,15,9,12,76
2,11,21,1,-9,-6,-6,-55
-5,0,1,3,2,-6,-6,-2
-1,-2,-8,5,14,18,11,47
3,0,9,-4,5,2,3,1
7,2,-9,-6,-13,-8,-3,-13
-12,-24,-29,-1,2,-10,-4,-2
-2,8,8,6,7,17,3,7
-4,-5,-2,0,9,-14,-5,-1
1,12,-1,5,-7,4,9,22
8,-16,-14,-9,-17,-1,0,2
-8,5,-5,3,0,-14,-15,-33
-18,-11,-13,-18,-34,-6,-9,-48
4,-3,0,-7,-4,1,1,15
1,-1,-1,6,2,-7,0,1
14,-1,7,6,6,7,11,99
-6,8,-1,1,0,-6,-10,-115
-5,-12,-9,4,12,17,4,51
7,6,15,-11,-17,0,0,23
2,9,-1,2,-1,-11,-5,-73
-3,-4,18,3,7,9,3,24
-5,-15,-24,-6,-10,-14,-10,-4
0,13,-2,-1,13,5,-1,-2
-7,-17,-11,-6,0,-5,-9,-2
8,11,26,1,-5,-2,5,7
-6,-6,-25,-1,6,-5,-15,-22
-6,1,5,3,-5,-3,4,-18
4,2,1,-9,-5,-6,4,-6
1,-5,8,-2,4,27,1,8
-6,-9,-17,-5,-16,-24,-5,17
-5,1,19,3,4,-6,-8,-30
6,-3,-14,-2,-4,7,9,13
1,4,17,11,3,7,-1,48
8,13,13,-13,-2,0,-2,-88
-22,-14,-8,-5,-4,-6,-11,-3
-3,-3,4,0,-5,3,0,1
4,-3,-12,7,23,7,10,23
2,-1,-1,-9,-29,-14,-2,44
0,-4,3,3,14,-2,-2,-43
9,10,3,-1,13,5,4,31
-13,-11,-14,-1,2,-6,-12,-19
8,9,10,10,11,0,-6,-23
-5,-5,4,-3,-13,-2,-4,-32
-6,-8,5,-3,3,1,13,30
0,-5,-28,0,0,4,-4,-8
-2,-2,17,5,5,-10,3,32
11,7,7,17,10,-6,-4,43
1,12,19,-23,-63,-18,-19,-29
-2,-6,-9,-5,-3,-11,-1,4
-11,-2,-1,10,28,9,-6,-83
105,111,121,123,124,123,104,54
5,3,-7,6,9,-17,-2,2
1,-8,1,-4,-18,-4,7,16
-12,7,-24,0,4,2,-10,-16
120,119,125,124,127,127,127,127
0,-6,1,1,1,8,-13,26
-4,3,-10,-22,-39,-8,-9,-85
6,-5,18,19,34,-7,4,51
127,122,99,127,127,127,127,127
-24,-26,-13,1,-1,-3,-9,-18
5,5,5,-2,9,6,10,21
0,3,10,3,4,5,2,4
127,127,121,123,124,121,127,127
-8,1,3,4,16,4,-4,-64
-11,-4,-4,3,15,-19,-5,-74
-3,-10,-3,-7,-19,15,7,4
127,126,127,127,127,127,127,127
3,3,-3,6,22,-1,12,-33
-2,1,16,6,-6,16,6,0
3,-1,2,-5,-15,-5,-14,31
127,121,127,127,127,127,127,127
-1,3,-5,5,15,3,-6,3
6,9,4,-9,-26,-11,-3,12
7,4,7,3,8,6,-2,9
123,121,120,104,85,127,122,118
3,4,65,15,16,-4,-4,-45
-5,-13,-39,1,19,-6,-9,-7
3,0,-1,-1,-9,-3,9,33
127,127,127,127,123,127,127,127
2,5,-9,-9,-28,-1,-3,-9
7,-2,2,4,9,-7,-1,34
-10,-1,6,-7,-5,-6,2,-27
127,127,127,127,123,127,124,122
-8,-4,-15,-1,-6,-19,-1,-22
3,10,16,1,0,-7,-10,-27
1,-15,-12,-1,17,2,-4,20
127,127,127,127,127,122,127,127
1,3,23,3,2,8,12,63
-2,-2,-21,5,23,0,-16,-50
-5,-3,-4,-2,-3,0,-1,-12
125,127,127,127,127,118,126,118
-2,-8,-17,-7,-1,3,-12,-62
-5,8,-2,-5,-5,5,10,41
-1,-3,17,7,10,2,-5,-13
127,127,115,127,124,123,127,127
-5,1,-19,-2,-4,-12,1,12
-3,-4,8,-6,-25,-3,1,-6
1,1,-7,-1,8,1,3,16
126,118,127,127,127,127,127,127
1,-2,29,6,4,10,7,36
3,0,-9,0,-4,-10,-24,-23
-2,2,7,-3,-16,-5,18,-38
127,127,127,127,127,127,126,127
-5,-6,-10,-4,0,1,1,10
-6,-8,0,-3,-8,3,-4,11
3,6,7,6,9,7,10,32
127,124,127,127,126,122,127,116
-4,0,-14,-10,-12,1,-2,-2
5,11,11,4,5,-4,1,18
4,5,-4,-6,-4,3,4,-13
127,127,118,126,127,121,127,127
14,10,0,0,-11,-3,0,41
-8,-4,3,-6,-8,3,3,2
-7,-6,-24,-7,-5,-10,-6,-56
127,127,127,127,127,127,127,121
2,-9,-13,6,16,0,-6,-68
3,3,9,7,17,3,9,45
2,4,-7,-3,-8,-2,-9,-10
127,124,127,127,127,127,127,127
-4,-5,-9,-2,9,1,-5,-9
-7,-8,-4,-6,-14,-2,1,-28
-2,-5,12,-1,6,5,-4,-20
127,122,122,126,127,123,123,127
3,-1,0,3,16,10,1,15
1,-3,-7,2,5,3,3,-4
-2,-5,1,2,-1,4,2,9
127,127,127,127,127,127,127,127
-4,1,-3,17,31,4,3,32
-5,-8,-3,-8,-25,11,4,-14
0,3,5,-4,-11,-13,-6,15
127,127,127,127,127,127,127,112
-4,-6,-3,-9,-28,-9,-2,52
-4,4,5,1,1,1,-8,-72
-3,-1,0,5,2,2,6,2
127,124,127,127,127,127,126,127
2,-4,-3,-22,-33,-1,1,37
1,-2,9,19,14,2,3,-8
-8,-10,-18,-33,-78,-14,-13,-15
120,124,127,127,127,124,126,110
3,-1,13,4,-4,-4,3,-16
11,15,-9,-2,2,-8,2,65
-7,-9,12,2,11,3,-2,-61
127,120,126,127,115,127,127,108
-1,0,1,8,18,11,-1,-20
2,8,8,-1,-11,-11,-13,-22
-2,-12,-6,-11,-12,2,5,26
116,115,127,104,63,104,119,127
-1,-1,2,8,26,9,8,34
4,-2,-5,5,15,-9,-2,-35
-12,-8,-3,6,7,-2,-9,-5
127,118,127,120,109,127,127,125
-1,3,-6,-6,-13,-10,-5,-25
4,1,14,6,9,7,10,65
3,-5,-21,-3,-7,-4,3,-9
127,127,127,127,120,120,127,127
2,5,-1,-9,-32,-10,-10,0
-6,-7,0,-2,8,4,0,-24
-1,-1,8,6,27,-1,0,14
124,127,127,87,6,122,127,127
-9,-7,-43,-13,-5,1,4,-42
-1,-4,32,1,-1,-1,-1,21
3,8,-5,-7,-6,9,-10,-26
127,117,127,108,87,110,119,127
3,8,19,-2,9,-2,-4,-12
-8,-8,-11,0,13,0,3,5
10,9,5,12,26,4,4,32
125,127,127,104,76,114,126,127
7,11,-22,-2,11,-5,-3,11
-3,-7,4,7,2,7,3,21
2,2,4,-11,-8,-5,-7,-10
127,124,125,127,127,123,127,127
-5,4,19,3,-11,5,-5,-29
-1,-3,-20,-18,-34,-1,8,22
0,8,2,-4,-5,-2,-12,-18
127,127,127,127,127,125,127,127
0,-4,4,-1,-6,-6,4,70
-2,0,-5,-3,-10,2,-11,-114
-16,-8,-5,2,1,-8,1,27
122,122,124,127,127,127,116,127
-4,-6,15,4,2,-3,-7,-5
0,5,2,2,12,2,2,28
-3,-7,-15,4,11,-3,-10,-17
127,121,127,127,127,127,125,127
-2,0,-2,4,-2,2,-1,-15
6,0,-2,-9,-13,6,1,3
3,8,11,12,9,4,8,24
125,115,122,123,127,127,127,48
-4,2,17,2,-4,0,-1,-16
-2,-7,-21,-9,1,0,2,3
5,13,15,6,0,0,1,-15
112,127,125,127,124,112,41,127
8,0,-14,-6,1,-2,2,40
-9,-3,-3,4,12,-4,-14,-74
1,0,5,1,3,9,12,22
127,127,127,117,96,122,127,126
3,3,8,-1,-2,3,0,-5
-1,-5,-7,-8,-18,-12,3,24
6,2,2,5,3,5,-5,-12
127,127,127,99,127,127,127,127
0,-1,0,14,26,5,4,12
-6,-2,-6,-15,-14,-4,-6,-58
5,-5,-10,1,-1,5,9,60
126,121,127,127,127,127,127,127
0,8,-4,8,12,-2,5,24
0,14,8,12,12,4,3,8
3,-2,1,-13,-27,-4,9,31
126,127,127,127,127,127,123,121
-8,-7,-9,3,5,-9,-3,-38
-5,-6,21,-13,-6,-1,-6,21
0,2,-33,5,16,3,5,-7
112,120,127,127,126,119,111,85
-5,-13,-2,8,6,0,-7,-4
7,3,-6,-21,-36,-14,-1,55
-15,-7,16,0,-5,1,1,-50
127,127,127,127,127,127,121,122
3,1,-4,-2,7,-3,8,13
3,-2,-1,9,30,2,3,49
-6,1,9,-9,-13,-7,-15,-65
116,122,119,105,115,124,124,86
-1,3,3,-5,-10,6,2,-17
6,5,0,-8,-25,-6,1,51
-4,-7,-3,3,7,-5,-5,-39
127,124,121,80,82,113,122,127
1,-2,-2,-1,12,0,1,-7
8,-5,0,10,14,11,10,2
4,5,-4,-2,16,-7,-15,48
126,127,127,127,127,127,127,127
-7,-5,0,-5,-6,-2,-4,-13
-3,-1,3,8,-4,-10,6,14
3,11,-3,14,23,6,-9,-1
127,127,127,127,123,127,127,127
-4,10,2,-12,-25,3,-6,-10
-6,-5,-5,5,12,-3,-6,-19
5,-4,6,5,10,3,12,20
127,127,123,121,126,117,127,127
-7,-19,-8,-16,-23,-1,-3,35
-16,2,-1,1,-1,1,-12,-62
9,5,0,-2,-18,-7,1,22
127,123,125,123,127,127,127,127
-2,6,-3,4,19,-3,-4,-46
1,5,2,12,16,6,1,-2
-4,-5,3,0,-4,-4,-5,12
121,127,125,127,127,126,115,64
8,18,22,9,4,-2,-12,-17
-2,-7,-12,-3,1,3,-1,1
1,-5,-2,16,12,3,8,-5
127,122,127,123,119,127,117,127
4,2,-16,2,11,2,-1,-15
2,5,5,3,-4,-3,-12,-40
-1,1,2,-17,-33,-7,4,29
126,127,127,127,127,127,127,127
5,10,-8,-27,-59,-4,9,38
7,0,2,1,6,6,1,3
-6,3,0,2,3,0,-8,-34
127,127,127,127,127,127,127,127
-2,-10,-6,12,22,6,-2,-33
4,10,3,-15,-37,-8,5,64
-1,-2,-20,-6,-2,2,-3,-54
127,127,127,127,127,127,127,127
1,-3,5,10,13,2,4,6
-2,4,-5,2,5,-1,-1,-9
4,2,8,-1,13,1,6,33
127,127,127,123,111,120,117,114
-2,-8,-2,3,8,2,5,-6
9,0,1,3,12,4,-2,42
-10,-3,5,-2,-1,5,-6,1
127,127,127,127,127,127,115,69
1,-4,3,-6,-10,-9,-54,2
-8,-1,2,4,15,12,32,-22
9,0,-1,0,-1,-6,21,19
127,125,122,127,127,127,127,127
-16,-14,0,14,32,14,20,-81
-2,1,-5,-21,-35,-13,-1,6
3,8,3,10,8,11,8,24
7,1,1,7,16,2,16,9
5,1,1,5,13,1,10,17
-6,-12,-2,-2,-13,-8,-15,17
-1,-3,1,-15,-9,1,0,-72
-1,-1,0,5,3,5,9,16
0,6,4,13,-7,-3,3,32
2,-6,-7,-24,-6,-6,6,-25
-9,-5,-4,-12,-27,-9,-19,-30
2,2,-1,2,4,8,10,45
-4,-5,-7,-10,-11,-11,-5,-34
-2,2,3,34,48,9,1,6
3,-9,-3,-12,-35,-9,-2,25
-3,4,-3,-15,-11,-2,-8,-26
0,-3,1,-4,-4,-7,4,24
2,-4,-3,11,19,1,-5,-10
0,0,-2,-22,-25,-7,-5,-4
-5,-1,0,12,22,5,8,6
7,2,4,0,4,-2,9,44
2,4,2,1,-1,4,-10,-75
-4,0,3,10,17,-2,-1,28
7,2,1,-3,2,1,11,25
-5,-1,1,-6,-14,-2,0,-27
-4,-3,-5,-7,-4,-5,-10,-8
6,1,3,13,27,1,7,40
2,4,2,8,-14,0,4,-13
-6,-10,-11,-32,-30,-5,-2,-6
-6,-7,4,17,19,1,-7,-2
-7,1,-2,-15,-23,-7,-10,-12
127,127,127,127,121,120,127,127
2,-5,-2,2,-3,2,3,33
-11,-5,-10,-26,-24,-3,-1,-41
1,0,0,10,21,0,-8,-5
127,127,127,127,127,127,126,127
0,-5,3,34,33,14,5,-10
8,10,-2,-35,-31,-14,-3,31
-3,-3,-3,4,3,3,5,1
127,126,127,127,127,127,127,127
0,0,1,-5,-4,3,-12,-28
-4,-6,2,20,16,4,0,18
3,1,0,-8,-5,-1,2,-3
123,123,126,127,123,119,124,127
-6,-4,-1,8,10,4,-7,-22
-4,1,-5,-12,-9,-4,-7,-21
-5,-5,-1,4,16,5,5,23
115,121,125,127,127,123,119,122
5,4,1,-10,-7,-3,-2,7
4,1,5,12,6,3,3,5
2,-1,-4,0,6,-7,1,24
127,127,127,127,127,127,127,127
-11,-3,-6,-22,-28,-9,-10,-14
-3,2,7,12,7,0,-10,-31
5,1,6,8,5,5,11,47
127,122,127,127,127,127,127,127
12,14,4,-1,8,-1,11,-7
-3,-14,-4,-10,-17,0,0,27
-7,7,2,10,7,-1,-12,-60
-1,-4,-1,6,17,-3,6,27
0,2,-3,-15,-26,2,0,-22
-3,-12,-7,-3,-1,-8,-4,5
3,9,0,-2,-2,1,3,-9
-5,-6,-1,-4,-10,3,0,9
5,-4,-1,4,9,-1,9,49
1,13,3,10,2,-3,-13,-43
-6,-8,-1,0,-9,-4,-1,-9
3,0,-4,-5,-2,-1,3,-2
-7,-4,-1,-1,2,0,6,22
6,-1,3,2,4,-2,-8,15
-2,-3,2,4,10,3,-5,-36
-2,1,0,-3,-8,-2,-10,-38
-1,-4,-5,-1,5,-1,3,15
-1,3,-2,3,21,4,6,4
-2,-8,-6,-9,-14,0,-1,23
0,-3,0,0,-2,0,6,56
-1,7,0,1,1,-6,-13,-93
-10,0,-2,3,-2,-3,-3,31
7,2,1,8,14,4,4,-3
-6,-8,-6,-14,-25,-4,8,-2
8,2,3,7,4,0,-10,41
0,-1,-2,2,-3,-3,-1,-29
-9,-6,-2,-2,2,2,6,-12
5,5,0,-1,-9,-6,-12,-20
-13,-8,0,4,6,-2,2,18
6,0,-2,-1,-3,-2,9,8
2,-2,-3,-10,-13,-3,-2,34
1,-2,3,2,8,6,4,-10
-3,-2,-7,-12,5,-5,-11,-26
-4,-10,0,-2,-10,1,1,-16
2,8,-3,-17,-14,-3,0,7
-4,-2,0,3,7,1,-4,10
-5,-7,-1,5,2,-3,4,14
3,1,-1,-2,0,4,2,5
3,-5,-1,5,11,-1,-3,44
-12,-4,-5,-7,-9,-1,-6,-76
8,9,0,1,-4,3,3,22
-9,-2,0,0,4,5,-12,-35
7,1,0,2,6,-3,5,19
1,0,0,7,11,2,3,19
-2,-2,0,-1,-8,-1,6,3
2,-5,-1,-1,-1,1,10,39
-3,-7,-4,-4,-2,-1,-11,-64
4,17,3,0,0,1,1,15
-6,-9,-2,-3,1,2,-2,5
0,-4,0,-8,-6,-1,5,-7
-2,5,2,8,6,0,2,-1
2,-4,-1,-1,-4,-1,2,8
4,5,0,3,4,1,4,7
9,8,4,3,-1,-1,0,18
-19,-15,-7,-7,-7,-3,-22,-57
5,3,0,1,2,0,4,37
-7,3,0,-4,-11,-2,-5,-66
4,-1,-1,-2,6,-2,6,39
5,3,-2,0,-6,-3,4,13
127,127,126,127,126,125,118,127
2,-6,-3,-14,-14,0,5,40
-4,0,-1,8,12,3,-2,-46
2,4,1,-9,-13,-2,0,25
122,124,127,108,115,127,127,127
-4,-4,2,4,15,2,-1,-53
-1,-5,-4,-8,-7,-7,5,18
-7,1,1,1,1,3,-13,-36
-1,-4,-4,-6,-7,-5,1,10
4,4,-1,1,3,0,-2,9
3,3,0,0,-1,0,4,30
-3,1,-1,4,10,4,0,-34
-5,-3,-3,-3,1,1,-2,-11
-2,-1,-1,-1,-10,-4,-6,8
-3,-1,-2,2,6,3,4,8
-5,-14,-3,-3,-1,1,7,3
2,-2,-1,-6,-6,-2,1,1
4,2,-2,-5,-7,-3,-6,-30
-10,-6,0,0,2,0,-2,-6
6,2,-4,-12,-5,-6,-4,1
4,-4,2,4,4,3,12,38
-1,2,1,5,-1,5,-3,-25
-5,-4,-3,-1,-3,1,1,-23
0,0,0,3,7,-3,-5,-9
11,6,2,4,8,6,11,87
-6,-2,-5,-3,-10,-8,-15,-80
-7,4,-2,-17,-28,-5,-9,10
6,5,3,12,25,3,6,30
-13,-10,-2,-7,-18,0,-6,-39
11,5,3,14,14,-3,12,68
6,1,5,4,4,0,-2,19
-2,4,2,10,-1,1,0,-46
-2,-5,-4,-16,0,2,-8,-9
-7,-3,2,2,0,0,2,15
0,-7,1,12,7,-1,-6,-9
-2,-1,4,6,0,1,6,22
5,6,1,-8,-26,-1,6,-4
-9,-4,-3,1,6,-1,-11,-30
3,-6,-2,-2,7,2,10,11
-1,-4,-1,11,9,1,-9,-4
-4,0,1,17,14,1,2,4
-2,1,-3,-24,-29,1,-2,-5
0,1,-1,1,7,-4,1,0
4,3,5,11,9,0,6,14
-4,-8,-4,-12,-10,-6,-6,-16
7,3,2,4,-2,0,2,13
-4,-2,-3,-5,1,-1,6,-17
-7,-3,-6,-12,-18,0,-13,17
1,5,0,3,0,-7,2,-24
-3,-3,1,11,15,3,-5,-5
-3,-2,-4,-9,-25,-7,-3,1
7,-1,-1,-1,-2,-2,11,16
-3,-6,-1,2,5,3,-3,4
4,7,-4,-4,1,0,3,35
-1,3,3,6,6,0,-10,-49
-2,-1,-3,-10,-12,-3,-5,4
-8,-3,-2,4,12,2,-3,-13
0,-6,1,-2,-4,0,3,8
6,3,-1,-4,-3,1,6,21
0,-1,-2,0,0,0,5,11
-7,-3,-2,-3,0,-5,-8,-48
-7,3,-1,1,2,-4,-17,20
-5,0,0,-1,-2,1,-7,-40
-3,-8,-5,-13,-15,-7,1,-9
7,10,0,2,2,-2,7,23
1,-1,-2,-11,-11,-3,6,22
4,4,0,3,17,7,0,7
-3,-5,-1,-5,-21,-8,-9,-17
-6,-2,-1,1,0,3,-13,-14
-2,-6,-1,3,5,-4,4,8
-3,-1,-2,1,-1,2,-6,-29
3,5,2,-1,-2,3,8,25
1,0,-1,4,8,0,-2,22
-1,0,3,1,-3,-1,-8,-56
-1,-2,-2,1,11,-5,10,47
-2,-5,-4,-19,-16,-2,-13,-25
4,6,1,3,2,-3,4,8
-6,-6,-2,-2,-2,3,0,0
1,-7,-3,-6,0,0,2,14
3,13,5,9,4,-4,0,-19
4,0,0,0,16,4,6,20
-2,-5,-3,-12,-13,1,-3,-4
3,5,4,8,6,-8,-4,-12
-10,-10,-4,-2,11,3,-16,-13
-8,-5,-2,-7,-15,0,4,-24
5,-1,-2,2,5,-2,6,21
1,2,-1,4,-2,4,2,14
4,2,-1,0,4,2,10,12
-4,3,0,1,2,-4,-10,-26
2,-5,-3,6,-1,-6,-7,11
-7,-6,-6,-22,-18,0,-6,-13
-1,6,2,7,8,0,1,-3
-2,-4,0,3,0,2,-2,-8
3,1,1,3,4,2,8,19
1,0,2,3,-4,-1,-2,24
-2,-3,-1,-2,5,0,0,-47
1,4,-1,-3,-6,0,-3,15
2,-1,-1,1,6,-3,9,21
-1,-2,0,-4,-11,-2,1,-15
-2,0,0,0,2,-2,-6,5
-3,-10,-4,0,3,-6,-14,-16
2,11,-1,-5,-8,3,7,7
-6,-3,1,7,12,3,-2,-11
0,-2,-2,-15,-25,-4,3,25
3,3,2,-1,-2,2,0,-13
-8,-9,-2,-3,1,1,-6,-3
4,2,1,4,4,-3,3,16
1,2,2,5,2,1,0,-5
2,-2,1,7,11,-2,1,-7
-7,-5,-2,-6,-12,-2,-2,-21
3,1,0,-4,3,1,6,18
-8,-6,-4,-3,2,4,-9,-15
14,8,1,-2,-2,-4,13,55
-9,-10,-2,3,5,-2,-11,-49
-6,0,0,4,0,0,1,-4
3,8,2,7,13,2,8,19
-5,-8,1,-11,-10,1,-3,-18
2,0,0,-3,6,1,-1,6
4,3,3,0,-5,1,0,2
1,-5,4,4,8,1,8,18
-1,14,3,5,-2,2,-10,-12
6,4,2,3,7,-3,-3,-13
-7,-8,-5,-7,-4,2,-5,10
5,5,3,5,1,7,9,-17
-10,-11,-3,-9,-11,-3,-4,-3
3,1,2,7,8,-1,2,23
-2,0,-5,-13,-13,-2,-3,-12
2,3,-1,0,-6,6,-1,13
-4,-15,-1,2,5,-4,2,-4
7,11,1,1,2,6,3,21
1,5,2,9,17,-2,-6,-30
-5,-6,-5,-9,-5,-5,-2,0
0,4,-3,-14,-22,3,-6,-31
-1,-4,0,2,6,4,9,27
5,2,2,6,4,2,4,11
-2,-1,-1,3,4,-1,-6,-19
2,0,0,-6,-14,0,2,20
-3,-7,-3,-15,-25,-4,-4,-18
3,4,0,1,-3,2,-3,-6
-7,-11,-2,0,-7,-3,0,8
-2,8,-2,6,11,5,3,14
1,7,0,4,-1,4,-1,-20
5,-6,0,-10,-9,-3,5,21
-2,1,0,-2,8,2,-5,-18
0,-8,-3,-1,-1,-7,-5,-12
-6,-3,-2,0,9,3,-3,11
0,5,-2,-1,-6,0,-8,-30
8,2,-1,0,-1,-3,1,33
-2,-3,-2,-1,1,0,3,-9
2,2,1,9,10,1,-5,-1
-2,2,-6,-6,-24,-6,-3,6
0,-8,-1,2,6,1,-3,-3
6,7,-3,-12,-11,-2,4,25
-8,-11,-2,3,7,0,-1,-25
-6,0,2,11,24,4,-1,-15
-8,0,-6,-16,-29,-9,-3,-1
3,-4,-2,3,7,5,-4,-1
3,8,0,-1,-3,-6,-4,2
-1,-3,3,2,-3,-1,2,13
1,3,2,4,5,-2,3,10
0,-2,3,8,12,6,3,-17
-7,-4,-5,-10,-9,-8,-15,-26
-2,-6,-1,-3,6,2,-3,0
1,-2,-1,-10,0,2,6,-14
-2,3,-1,12,13,-2,-6,6
-3,-2,1,4,-2,0,-2,-2
4,-2,-2,-20,-26,-3,5,-2
5,4,2,7,9,0,2,17
-2,-3,-2,-2,-10,-2,-1,2
3,0,0,8,6,2,9,31
-7,3,-1,6,1,-2,-16,-39
-2,-3,-2,-15,-23,-4,-6,-5
-1,0,-1,0,7,0,-3,-15
-2,2,1,4,10,11,12,12
1,-4,-4,-4,-8,-10,-1,11
2,1,-1,7,7,-1,2,39
-1,1,0,-4,-19,-2,-6,-40
-4,-7,-2,-4,3,2,-13,-1
-6,0,-3,-1,2,4,7,4
-3,1,1,-4,-9,0,-3,-32
-2,-2,0,6,9,-2,2,22
8,1,2,1,-10,0,9,15
-2,-6,-4,1,-6,-1,-5,-2
-5,6,2,-1,-3,-2,-9,-25
-5,-6,-2,-4,14,1,2,8
3,2,-1,-6,4,-2,1,-4
3,1,-1,4,-5,-2,5,30
5,-1,-1,3,7,3,0,2
-5,4,0,-6,-5,1,-2,-28
2,2,0,1,9,-3,3,21
-10,-10,-2,2,9,2,-8,-17
-1,4,-2,5,10,-1,0,-7
3,1,3,7,3,-1,1,7
-6,-7,-5,-16,-14,-5,-7,-1
4,-3,3,18,24,7,3,12
2,2,-4,-18,-25,-3,0,-1
-2,0,2,3,-6,-4,-3,19
2,-4,0,-7,-6,1,2,-15
-4,-4,-1,-2,2,-4,-6,-8
-2,-12,-2,0,-9,-2,-3,11
3,2,-3,-7,3,2,7,6
-1,0,1,-3,-18,-4,-5,-7
-1,3,-2,-1,-6,-2,-8,-9
-2,-2,-4,-2,11,5,2,-12
3,3,3,11,5,-8,7,55
-10,-4,-6,-5,9,1,-7,-70
1,3,-1,-9,-13,1,0,10
-4,-3,0,-2,-11,-4,-1,1
-1,-3,0,0,-2,-3,-7,-14
2,-5,-2,5,12,-1,2,37
4,13,1,0,-5,0,4,-24
-5,3,-3,2,7,-1,-5,-16
2,-5,-1,-4,-5,0,7,19
-4,-1,-2,-6,-27,-5,-8,-12
4,0,-2,-8,-3,-1,7,18
-1,-2,-1,10,20,0,-4,-3
0,-1,0,6,-4,-1,0,-9
3,4,-3,-26,-36,-3,6,16
-3,-4,1,3,19,6,-4,-1
-3,-5,1,4,2,-8,-2,3
-2,0,-4,-2,-4,0,-5,-4
0,-3,0,6,3,-2,2,20
3,2,-2,-2,-3,-2,-3,-21
-4,-6,-3,-11,-18,-3,-7,-15
-5,-6,-4,-4,-9,-3,-9,-14
-5,-5,-2,0,1,-5,-3,-8
1,5,0,-1,12,1,2,37
-1,-4,-2,6,8,3,6,0
-2,1,0,2,-3,-6,1,-22
2,3,1,-4,0,4,-4,-8
-7,-8,-1,4,1,-12,-18,7
1,1,-3,-6,-8,-2,1,-29
-1,-2,-3,-1,14,8,1,6
4,1,1,7,2,-6,12,25
-4,-5,-2,-4,-13,2,0,-7
4,3,1,1,9,-11,-3,10
-5,8,-3,-6,-16,-4,0,-2
4,-5,1,6,9,1,-1,-10
-5,-7,-3,-11,-7,-8,1,-6
-5,-2,3,7,9,2,0,-2
-1,-6,-3,-2,13,2,0,-9
-4,2,1,2,4,0,-1,-7
4,1,3,8,7,4,8,12
-12,-2,2,4,12,3,0,-11
-3,-2,3,3,7,2,-6,-3
1,4,1,-6,-10,1,-9,-13
6,-2,1,-6,0,-3,7,1
0,5,0,4,11,2,-3,16
8,-3,0,4,0,2,10,20
-7,-2,-1,4,6,-3,-6,-9
-2,1,-1,-2,3,0,-3,-12
1,2,-1,-4,-14,0,6,9
1,-9,-2,-5,-3,-7,-1,28
-6,2,-1,7,0,1,-2,-61
-5,-6,-5,-9,-11,0,-3,17
5,3,0,0,2,-3,-1,-15
-4,-2,-3,-3,1,7,4,14
4,-4,1,1,7,-2,6,38
0,1,1,7,2,0,1,-14
2,3,0,7,6,7,-1,-10
1,-5,0,-14,-23,-2,5,8
-2,1,-4,-17,-11,-3,-8,-17
0,-1,0,8,17,6,-8,-20
0,1,-2,-4,-11,-6,6,29
2,9,2,1,-1,-2,-5,-13
-2,-10,-1,4,11,0,-2,8
3,2,0,-8,-6,5,9,3
0,-8,0,2,-4,-3,-6,0
-10,-3,-4,-7,0,-2,-5,-25
5,6,-1,-10,-16,-5,-3,-22
-7,-6,0,0,-8,-3,-7,-22
7,5,1,11,12,8,5,16
123,127,124,126,127,127,122,110
1,-5,0,8,22,5,6,39
-1,12,-1,-4,-9,-4,-9,-35
-6,-2,1,-4,-3,0,-2,-12
127,127,127,127,120,127,121,107
3,3,2,8,0,6,3,15
-4,-9,-6,-14,-13,-3,-4,-5
-2,-5,-4,-8,-12,-3,-3,9
126,127,125,127,127,127,126,121
-6,0,1,7,10,0,8,-24
2,0,-2,6,6,1,10,17
-5,-4,-3,-3,-5,-1,-1,15
127,127,127,124,126,124,127,127
1,-1,-2,-7,-15,-2,3,6
-2,4,0,3,7,0,4,6
11,0,1,3,8,0,3,25
127,127,127,125,114,127,127,127
-2,1,-4,-3,1,-2,-1,22
-3,-3,1,1,0,-2,-3,-22
-2,2,2,-2,-7,-3,5,-6
127,127,125,127,127,127,127,104
-13,-6,-3,-2,-7,7,-5,-16
0,-3,0,4,8,-5,2,32
-1,1,-1,2,3,0,-3,-8
127,126,127,127,120,122,127,127
-5,-3,-3,1,8,0,-2,28
4,1,0,5,6,2,7,17
-4,-1,-2,-17,-27,-5,-8,-26
127,126,127,126,127,127,127,126
3,-6,-3,-5,-6,-4,-5,-2
-14,9,-6,-26,-27,-7,-15,-36
2,-1,1,4,12,-1,2,-1
127,127,127,127,127,127,127,127
0,-1,1,4,8,2,6,2
5,-2,1,10,10,-1,3,40
-8,-3,-4,-5,12,6,-11,-48
126,124,127,127,127,127,127,127
-1,0,1,1,2,-6,-5,-65
1,-3,0,6,4,1,10,53
-1,-1,-2,-2,-4,2,-4,-21
127,127,127,126,117,127,117,120
-11,-1,-1,-6,-7,-4,-6,-11
-4,-2,2,4,5,2,-8,-23
2,-5,-2,2,4,-1,2,19
127,127,127,127,127,127,127,127
8,0,3,8,7,1,6,19
-2,-3,-1,-10,-10,1,1,-15
-9,-9,-3,-13,-25,-2,-10,0
127,127,127,127,126,126,123,93
4,6,1,3,8,3,-5,15
2,-5,-1,1,-2,3,1,-11
-7,-3,-3,0,0,-8,-2,7
127,127,126,127,127,127,127,127
-11,-6,-3,0,-15,-6,-13,-52
1,7,1,6,15,3,11,9
-1,2,-3,-6,-17,-5,-1,15
127,123,127,116,127,127,127,127
-2,-6,0,3,14,0,2,11
-1,1,-1,-6,-8,-2,-7,-15
5,5,2,7,8,0,6,30
124,124,125,126,118,125,127,107
-3,3,-3,-4,4,5,-11,-28
-6,-6,0,6,4,1,5,-1
6,2,4,7,11,1,7,17
127,127,127,127,127,127,127,116
-1,5,0,0,1,-5,-2,-56
-5,-6,-4,-3,-11,-2,-4,3
-7,-6,-2,-2,1,-4,-2,-14
127,127,127,127,124,124,122,117
3,-1,-3,-1,-4,5,11,36
-1,1,-1,-2,3,-11,-11,-11
2,-2,2,10,11,5,3,13
127,127,127,124,127,127,117,96
7,12,0,2,-1,0,6,37
-9,-4,-4,-3,-2,-1,-15,-42
3,-2,-1,0,6,1,4,20
127,127,127,124,127,124,127,127
-6,-6,-1,-6,-12,-2,8,7
3,-1,-1,-1,0,-3,7,18
-3,7,-3,-3,1,-1,-10,-31
127,125,127,121,127,127,127,127
-1,-1,-2,-5,-4,-4,-8,-37
1,-3,2,9,10,10,3,12
-10,-2,-4,-15,-23,-9,-6,-22
126,125,125,127,127,127,127,123
6,-1,0,0,-6,-2,0,27
-2,2,-2,1,6,0,-7,-25
2,-1,-2,2,5,3,7,3
127,127,127,127,127,127,127,118
-6,0,-1,-3,-3,-2,2,1
2,-1,0,-1,-7,-2,0,-38
-7,-4,-1,-2,-4,2,1,-15
127,127,126,127,127,123,127,127
1,-5,-2,1,8,4,2,12
5,4,2,0,-3,-4,4,12
4,-1,1,20,20,6,11,19
127,127,127,119,106,126,127,127
2,1,0,-1,-2,-2,3,21
1,0,0,1,4,2,-4,-16
3,11,3,2,4,0,2,14
127,127,127,127,127,127,127,127
-2,1,-1,4,-3,-4,-6,-33
7,-1,-2,-11,-16,-3,4,44
7,2,6,28,31,5,10,38
126,121,127,127,127,127,127,127
1,-1,-1,-1,4,-1,-6,16
-4,-2,-3,4,7,5,6,6
1,-5,-3,-5,-4,-10,-3,4
127,127,127,127,124,127,120,122
0,-4,2,2,2,-1,1,-3
-5,0,-4,-7,-4,1,-6,-12
0,-9,-1,-6,-13,0,2,2
127,127,127,127,127,127,127,106
-9,2,-2,-21,-26,-1,-6,-18
6,-3,0,13,25,0,2,-12
-9,-7,-8,-16,-9,-3,-11,-10
125,123,127,127,113,126,124,127
4,-3,2,6,6,8,6,31
-3,0,0,-6,-9,-7,0,-2
1,1,-1,-2,-2,2,-5,-21
122,127,127,124,127,126,127,82
-11,-6,-3,7,23,3,-9,-9
-1,0,0,0,-12,-3,4,40
-7,-2,-3,-14,-11,-4,-11,-65
111,127,123,115,112,126,114,85
8,3,1,4,10,-2,8,17
-16,-9,-1,1,0,0,-16,-51
0,1,-1,-6,-10,-2,-1,11
124,121,127,127,127,127,125,81
1,1,1,7,6,-2,0,-17
5,3,-1,-9,-10,-4,-9,3
-1,-1,-1,1,-2,1,0,8
116,123,127,127,127,121,116,68
1,-3,-3,-7,-5,-4,0,15
3,2,0,5,10,0,4,27
-5,-2,-1,-2,-1,0,-4,-50
126,127,127,127,127,127,125,77
1,-1,1,-1,-2,-1,6,-8
-5,-5,-3,-8,-6,6,4,0
2,1,0,4,-2,-3,-6,7
127,127,123,127,127,127,127,127
-4,-3,-3,-3,-6,-2,-7,-38
-2,5,-1,5,3,2,4,0
0,1,-2,-9,-4,0,0,6
127,127,127,127,127,127,121,127
-3,-5,-1,-2,-11,-5,-8,-22
-4,-5,-1,-2,6,3,0,-7
1,4,-2,-8,-12,-7,-1,1
127,127,127,127,127,127,127,127
-4,0,-2,-3,-5,-4,-11,-53
2,-1,-2,2,-4,-1,2,3
0,-8,0,-1,-4,3,0,2
125,115,127,123,99,124,125,127
0,-2,-1,3,16,2,-9,-19
-4,-2,-1,2,2,-2,-2,-22
-7,-2,-1,6,8,0,3,-6
127,119,127,127,127,127,127,108
0,5,2,2,2,2,9,22
0,-4,3,-3,-4,4,-10,-19
2,7,0,0,-1,-4,3,14
126,125,123,117,117,122,127,127
2,-2,0,4,8,1,8,20
-3,2,-3,-3,-2,1,-5,-16
-8,-6,-3,-11,-8,0,-7,-28
122,125,127,123,116,127,123,115
4,5,2,-1,3,-2,-1,13
0,-3,-3,1,-4,-2,6,16
-4,-4,1,9,15,3,4,1
127,118,123,116,111,125,127,127
-2,0,0,-5,-5,-2,2,8
4,-1,2,1,2,-4,2,1
1,2,-1,6,6,2,-3,-13
126,126,124,127,127,127,121,91
-1,-4,-1,10,12,1,2,26
-2,1,-6,-22,-26,4,7,-2
-2,6,3,5,6,-11,-22,-42
125,123,126,127,127,127,127,127
-7,-4,-2,-4,3,0,-6,-11
3,-2,-2,4,0,-5,0,22
-1,-1,-3,-5,-10,3,-6,-30
121,126,124,127,127,127,127,127
0,1,0,7,6,0,4,8
0,2,1,3,11,-2,-12,-3
-4,-5,-3,-15,-22,-6,3,-4
127,127,127,127,127,127,127,127
1,-1,-2,-13,-33,-4,3,12
5,10,2,-2,-2,-5,-3,6
-5,-4,-1,-6,-2,-1,-10,-36
127,124,125,127,127,126,127,127
1,1,-3,-8,-14,4,-8,-8
2,1,2,6,27,3,6,-6
-2,-5,0,-2,-7,-3,3,26
109,119,127,127,127,127,123,83
2,0,0,5,1,0,3,21
-9,-8,-2,-12,-20,-5,-15,-43
5,5,0,20,35,3,2,-21
127,127,127,127,120,127,121,106
-2,-3,-5,-15,-13,-4,-8,-1
-2,0,-3,5,3,2,3,6
6,3,-2,-3,-4,-5,2,23
127,127,125,127,127,127,124,114
-6,1,1,2,12,-4,0,-45
-3,-6,-3,-2,-5,-5,-2,-2
-4,0,0,-1,0,6,6,4
127,127,125,124,119,127,126,126
-10,-5,-4,-7,-12,-3,-14,-44
1,5,4,5,8,1,1,-25
3,0,-2,1,3,4,9,30
114,122,127,127,127,127,125,106
-3,-4,-2,4,10,1,-7,-27
-9,-6,-2,-2,-1,-1,-1,-13
4,3,-2,2,-7,2,-2,2
126,127,127,127,127,124,127,109
7,5,-1,-6,-18,-6,3,43
-9,-4,-1,-2,-8,-2,-9,-46
1,-1,1,9,15,2,9,8
127,127,127,127,127,127,124,127
0,2,2,3,5,8,7,9
4,3,2,10,7,-1,1,-4
-7,-7,-4,-15,-30,-4,-13,-8
115,102,122,127,127,127,125,126
5,4,3,5,4,1,2,19
5,0,-4,0,-9,-3,3,19
2,-3,2,0,2,-2,-8,-6
122,125,127,127,127,127,124,121
3,-6,-3,-19,-22,-3,7,20
-6,-1,-2,1,6,-7,-6,-22
-4,-7,1,5,7,2,-4,-1
127,127,127,127,127,127,127,127
-3,-1,-2,8,12,1,2,9
6,1,1,0,-5,2,2,54
1,-3,-2,-2,-1,-4,2,-15
122,127,126,127,127,125,127,127
1,0,-2,-3,-6,-10,-2,-7
3,-4,-1,8,18,4,-2,14
-1,4,3,-8,-3,1,9,4
127,123,127,125,127,127,122,127
2,1,-2,-2,-2,-2,-5,8
0,-3,3,1,0,4,7,-12
0,0,-3,-6,-5,4,-3,9
127,126,124,113,119,122,127,127
-7,-7,-4,-2,12,-2,-4,5
3,-2,-1,-18,-22,-1,10,21
6,9,-1,5,8,2,-9,6
127,125,127,127,109,126,127,127
-3,1,3,9,13,7,-5,-1
-4,0,-3,-14,-24,-3,-5,-15
-1,-7,-4,-6,2,-4,3,5
127,127,127,127,127,127,124,127
3,4,2,10,5,2,6,-13
0,1,-2,-11,-9,0,-2,33
-3,-3,1,14,25,-1,-7,-38
127,125,127,127,127,127,127,125
-7,3,1,8,13,3,2,-19
-6,-1,-2,-2,-4,3,-5,-15
1,2,-1,-10,-13,-9,-2,21
127,127,127,127,127,127,127,127
0,-1,-2,-12,-23,-9,-4,-6
3,-1,1,3,4,-1,0,-5
-5,-2,-3,-2,-4,1,-1,1
127,126,127,127,124,127,127,127
-4,4,-1,-9,-33,-10,-17,-73
5,2,0,20,30,3,7,36
-1,-1,-1,-16,-25,0,-8,-18
127,127,127,127,127,127,126,124
3,-3,0,-14,-20,3,2,17
2,-2,-2,4,11,0,1,-4
-3,4,2,8,7,-1,-3,2
127,127,107,125,122,113,122,127
-7,-12,-5,-3,9,2,5,2
-4,-1,-1,-6,-15,-5,6,-6
6,1,0,-2,0,4,7,24
124,124,127,123,124,127,120,127
1,4,0,0,1,-7,-3,5
-7,-4,1,-2,1,0,-3,-16
2,1,0,10,22,2,13,33
122,127,127,127,127,127,115,27
2,5,1,8,13,6,7,-28
-1,1,-2,-5,-7,-3,-10,-22
-1,0,1,1,-2,0,4,10
127,127,127,127,127,127,127,127
0,-9,-3,-1,10,-1,3,33
-3,-2,0,-1,-5,-4,-6,-22
-4,-4,-1,-1,-1,1,-6,-12
127,124,127,127,127,122,124,127
-1,0,-1,2,3,1,0,7
2,3,-1,-3,-1,2,2,1
-1,2,2,10,2,-3,-2,5
127,119,126,127,125,127,127,127
3,2,-1,4,12,-2,5,-3
-9,-4,-1,2,9,4,-2,-7
2,-2,-2,-6,-5,-2,0,4
118,127,127,123,121,127,105,26
3,-1,-1,-4,0,2,0,12
2,5,0,-1,-5,-4,0,-19
-5,-3,0,-2,-2,-3,-3,-1
125,127,127,120,127,127,127,124
0,-4,0,-2,-3,-5,-3,14
10,4,3,8,10,2,3,30
-5,-6,-2,-9,-3,-1,-1,-23
124,127,127,125,120,127,123,102
3,6,1,3,-4,0,1,11
-10,-18,-4,-5,1,-1,-2,-9
1,-2,1,9,13,2,4,4
127,127,127,127,127,127,127,127
-4,-2,-1,2,-2,1,-4,-7
1,2,3,7,5,-1,-3,2
4,0,-4,-11,-20,-2,5,11
127,127,122,121,124,127,127,106
-12,-9,-2,-1,1,0,-13,-60
4,6,2,5,4,3,6,8
-11,-9,-4,-5,-7,-1,-7,-23
123,124,127,122,122,127,127,127
3,-5,0,3,7,1,0,9
-5,2,-2,-9,-1,-3,4,23
-1,12,0,0,-2,-2,-6,-42
127,127,126,124,127,125,121,96
-7,2,-1,-10,-16,-2,4,-17
1,-5,-4,-5,-5,-2,-4,7
1,-2,-4,-2,2,0,-1,0
118,122,124,125,124,121,110,105
0,3,1,15,14,2,0,18
1,0,-3,-19,-24,-8,2,-4
2,0,-1,-2,1,2,2,27
127,127,127,127,127,127,127,127
-1,6,-2,3,6,-3,-11,8
0,2,3,4,-13,-2,0,-2
-2,1,-2,-4,-2,0,1,-3
127,127,127,127,127,127,127,127
1,-2,-2,-6,-9,2,3,14
0,-2,2,3,9,1,-4,-11
1,-1,0,3,2,2,-2,5
124,126,127,127,127,127,127,124
1,-1,-2,-6,-3,0,3,5
0,-2,0,-4,6,3,1,-4
1,-1,2,13,19,-1,1,4
125,119,124,127,127,114,127,127
3,-2,1,-3,-4,-2,2,10
-1,-1,-3,3,2,0,4,5
3,-2,1,1,-2,0,4,17
127,119,121,127,127,127,127,127
1,0,-1,-2,-2,-3,2,8
1,1,0,2,2,1,1,22
-2,3,1,4,8,0,-3,-19
121,127,121,127,127,122,113,77
-1,-2,1,1,6,-6,0,2
-1,-1,1,-1,-6,1,-5,-12
2,0,1,3,-1,-1,1,9
124,127,127,127,127,127,127,80
-1,6,9,-2,5,10,1,-1
2,1,-14,0,1,-10,-3,8
-7,-7,-4,-4,3,0,-1,-6
127,127,127,127,127,127,127,127
0,0,0,-5,-6,1,4,-10
-4,0,3,0,0,3,-7,-10
-1,0,2,-5,-4,-9,-7,1
127,127,127,127,127,127,127,127
1,-1,-3,6,3,-1,3,65
-8,-5,-1,-4,-7,6,-8,-85
-10,2,-5,-18,-11,-8,-2,-12
127,127,127,125,127,127,127,120
1,0,-1,-5,-9,0,0,0
6,1,3,23,27,6,7,31
-1,2,-3,-27,-43,-6,-6,5
127,127,127,127,125,127,127,127
-2,0,-4,-4,2,3,-1,-6
4,1,2,-3,0,-3,1,9
-4,2,0,5,5,2,1,3
127,127,127,127,127,127,127,127
-3,-1,0,-1,9,2,-2,-10
0,-6,1,-2,8,-3,0,9
4,-2,-1,3,4,4,2,8
127,127,127,123,125,127,127,103
-6,-4,-1,4,-2,0,-12,-96
-9,-8,-9,-12,-11,-3,-7,-12
2,-5,1,11,14,2,7,14
-3,0,-2,-4,-13,-4,4,13
3,-2,2,12,15,2,4,20
-1,2,-6,-27,-49,-7,-4,5
4,-3,2,3,7,6,5,-8
5,0,0,-2,2,-7,-1,22
-19,-6,-3,-6,-10,-5,-10,-27
1,1,1,7,6,-2,1,13
-2,1,0,-2,-10,1,2,-18
1,2,-1,-7,-8,-7,-4,-3
3,-7,-3,1,11,4,3,20
1,7,2,0,2,-2,0,10
3,-4,-1,1,1,-1,-3,-7
-2,9,3,-3,0,-1,9,23
-1,0,-7,-1,-5,-1,-19,-42
-6,-4,2,7,12,0,8,8
2,2,1,2,5,4,1,6
-1,2,-1,3,4,-1,-3,-12
9,-1,-6,-24,-35,-7,7,49
-1,-1,-2,4,7,2,-4,-45
-2,-1,1,6,3,-4,-4,25
2,1,1,2,4,9,-1,-32
-4,-2,2,5,-6,-4,0,-2
-2,-9,0,-4,-6,-3,-3,-3
2,4,-1,-2,5,-1,1,-3
-2,-2,0,-19,-21,1,-2,7
4,2,-3,6,10,3,4,12
0,-1,0,9,16,3,3,14
1,1,1,-10,-10,-4,-5,-18
-7,-3,-2,1,5,-2,-8,-10
-3,-1,-2,-1,0,7,0,-6
0,-1,2,2,1,-10,4,23
2,-5,-2,5,6,5,4,1
-1,1,0,-2,5,-1,-6,-18
0,2,2,-7,-4,-7,-3,-2
-5,-1,2,14,9,9,3,7
2,3,-7,-29,-30,-14,-4,0
-1,-8,-2,4,-3,-3,0,-27
-1,0,-1,8,23,4,8,22
2,5,2,-4,-8,0,-1,-4
-6,-7,1,13,11,1,-11,-8
-4,-4,-2,0,2,1,1,-9
6,3,1,-7,0,-4,0,9
7,1,-2,-3,0,1,0,13
-6,-4,-3,1,-2,0,-4,-15
4,-1,-4,3,5,-1,11,60
5,1,1,4,1,-2,-11,-53
-5,7,-3,-9,-7,-2,-3,-3
-8,-6,1,15,14,2,-2,-17
2,3,0,-7,-11,-1,-3,8
3,0,0,-13,-25,-11,10,26
-1,-4,-6,-10,-2,1,-2,26
-7,-8,1,3,2,3,-4,-56
-6,-8,-5,0,1,-12,-11,-11
3,7,4,12,9,5,5,7
3,-1,-1,-11,-6,1,-5,2
2,4,-3,-11,-13,-8,-4,-10
5,-2,0,1,0,3,4,5
-9,-9,-6,3,3,0,-3,-6
2,3,0,3,5,-3,1,6
-4,-1,1,-3,-7,4,2,7
1,4,-1,-1,4,0,-9,-13
-7,-2,4,1,5,5,6,13
-4,-1,-7,3,2,-6,-7,-35
5,-5,-2,-1,-6,-1,-1,14
-2,2,1,7,7,5,2,-7
0,-4,-3,-9,-11,-6,-1,13
4,3,9,-4,-3,-3,6,24
1,6,2,2,12,7,-2,-21
-5,-1,1,3,-6,-5,1,5
5,1,0,9,4,-1,1,21
-1,1,-3,-18,-18,-1,-6,-51
-8,-7,-6,-1,0,-6,-1,33
2,-2,3,2,4,13,10,46
-1,4,0,1,-7,-6,-6,-58
-2,-5,-2,-5,-6,-1,-6,5
-1,-3,0,4,6,1,4,8
-1,13,-3,-17,-11,-3,-10,-14
1,-1,-1,0,8,0,4,18
0,-2,-1,4,2,5,1,-6
8,0,10,-1,-3,-6,5,16
-7,-14,-14,7,11,-3,6,-3
2,7,-2,-17,-19,3,-9,-14
-1,-2,2,9,20,-3,-1,21
1,4,2,5,12,8,-1,-26
-2,0,1,2,-4,-12,-6,-11
-2,-5,1,-1,0,1,6,20
-2,2,-3,5,-6,0,-1,0
-2,-3,-3,-2,-5,-2,2,15
3,0,-4,0,6,-4,-10,-12
-15,-3,-3,-7,-7,0,-10,-63
3,-6,1,1,-1,1,6,26
-4,-1,-3,-2,-7,-7,0,6
6,2,2,0,0,5,3,9
0,-5,-8,1,4,-10,-2,8
-5,-4,-2,0,-7,-3,0,-10
5,5,-1,-3,4,4,-8,-15
-9,-9,-2,-1,-7,-2,4,16
4,13,4,-5,4,10,4,-2
-10,-13,-6,1,8,1,-17,-61
4,7,3,-1,-15,-10,-2,23
0,-5,1,-2,-2,0,2,-11
-2,-14,-1,3,2,-1,-1,15
-2,7,-3,-2,-9,-1,3,5
5,6,5,0,13,2,7,16
-6,-6,-3,1,-1,-2,-16,-28
-4,5,-1,-1,-4,3,1,-22
7,1,0,-3,4,-1,3,12
0,1,-1,2,2,-3,1,-5
-1,4,2,4,11,6,1,0
-4,-8,-3,-4,-8,-8,-1,13
-8,-5,-2,-5,1,2,-5,-11
7,7,-2,-1,-1,1,1,18
3,-5,3,3,11,-1,3,-8
-7,-2,-7,-3,-6,-3,-11,-48
2,2,4,6,-1,-3,-2,3
-6,-13,-8,-11,-10,-4,-1,9
1,4,3,1,-1,0,-3,-15
2,1,2,1,-2,-3,5,21
3,7,4,4,3,-2,0,10
0,-2,-6,2,5,2,0,5
-11,0,4,-10,-4,-7,-7,-43
-2,-3,-1,-6,-18,-6,-3,4
-1,-5,-1,-3,-4,2,2,-5
-9,-7,-5,4,2,5,-3,3
10,3,-1,-5,-2,5,12,37
-4,-2,-2,2,7,-4,-7,-26
0,6,0,2,0,-8,-1,4
3,-3,2,2,-3,-2,8,22
2,3,1,-2,-3,-4,-5,-33
0,-7,-5,1,13,4,10,48
-3,0,-2,-6,-9,7,-7,-39
-2,-2,-2,-1,-1,-11,-1,14
4,10,-1,7,4,1,-3,-11
1,-2,-3,-19,-29,-5,2,21
0,-3,2,12,19,0,4,5
-1,-2,-2,-4,4,9,3,-10
-4,4,2,-4,-7,-5,3,53
-7,1,-1,6,10,1,-12,-67
-2,-7,-2,-2,3,-2,2,17
-1,5,3,-4,-12,1,-3,-10
127,127,127,124,127,125,127,115
2,-3,3,13,14,0,-3,-6
-8,2,2,-3,-11,2,-3,-15
0,4,-5,-7,-2,-7,-11,-7
127,127,127,127,127,127,121,99
-6,-6,-4,-14,-18,0,0,8
8,4,0,1,5,0,6,7
2,2,3,1,-12,-4,2,-10
127,127,127,127,127,118,120,127
5,11,5,5,4,-2,-1,5
2,-3,-2,1,-4,5,15,27
-4,-1,0,-4,-5,4,-12,-1
127,123,122,127,127,127,126,119
12,1,4,-1,9,0,6,58
-7,-3,-4,-2,-4,-2,-5,-55
2,4,5,4,8,1,-8,0
126,124,127,127,127,127,127,126
-1,-4,-5,2,-6,-2,-9,-4
3,-3,1,-14,-16,-4,3,21
-6,-7,-10,5,25,-1,2,-17
123,123,125,127,127,124,122,94
0,4,3,1,6,-4,3,-2
5,2,-1,1,1,-1,1,11
-1,1,3,-1,-7,1,-2,-19
127,123,127,127,108,120,124,123
1,0,1,2,12,-5,1,29
-3,-3,-3,-8,-12,1,-6,-30
-1,-2,-4,-1,-3,-4,4,22
127,124,126,109,99,122,127,127
1,7,2,1,-6,-6,0,-2
120,123,124,125,117,127,127,126
-8,11,-3,-10,-17,0,-16,-47
3,-6,-1,-2,5,-2,12,62
-1,-3,0,4,3,6,6,-15
127,117,117,95,85,114,124,127
2,-11,-10,4,15,0,7,19
-4,4,8,1,-5,-3,-10,-13
-8,4,-2,3,7,1,-8,-8
127,127,127,127,127,127,127,113
-5,-6,1,3,13,15,1,-18
0,-10,-2,1,-4,-5,-1,1
3,16,-2,-8,-8,-3,-4,14
117,124,124,123,127,127,118,111
-1,-3,0,2,-15,-4,1,5
3,3,1,4,-3,-2,3,-2
0,-7,5,-6,10,2,-5,-27
126,118,127,127,127,127,127,127
-1,5,4,-1,0,-1,-14,-13
7,-5,-1,7,11,2,12,33
-6,-1,7,-8,-17,-5,-3,-24
127,125,121,127,127,127,127,62
1,-9,0,4,13,-10,2,17
-2,7,-2,6,8,-2,-1,-29
1,0,-1,-9,-17,-8,-2,20
127,122,120,125,118,124,119,97
-4,-5,1,-4,-9,-3,-5,22
-2,9,-1,3,8,0,-5,-31
-6,-7,-4,4,4,1,2,-17
127,127,127,120,118,127,127,127
-3,8,-3,-2,-11,-4,3,-1
2,1,-1,-5,-15,-8,-5,10
-6,-8,-2,3,2,3,5,5
127,127,127,127,127,120,127,92
-3,6,-2,-5,-6,12,5,-16
-1,0,-1,-7,0,-1,1,-15
-2,-1,-2,1,-1,-1,-4,8
127,125,125,123,99,121,127,127
1,0,3,2,2,0,1,29
-3,-3,-6,-4,-4,-2,-4,-28
-1,-4,-2,3,2,0,-2,-1
127,122,127,127,127,127,127,127
0,2,9,0,6,2,-7,-24
-2,-4,-3,-4,-4,-9,1,35
-1,5,1,-4,1,8,-3,-2
123,126,126,127,127,127,127,106
2,-4,-4,-2,-5,-4,1,6
0,2,3,5,12,3,-1,-11
-3,-4,-3,-6,-9,-2,-1,10
121,127,127,127,126,127,127,127
4,4,-4,-6,-15,-8,2,-19
4,1,-1,4,5,7,1,15
-2,-7,-1,-4,-10,-7,7,22
127,127,127,127,127,127,127,127
-4,-4,-1,-1,1,-9,-7,5
-7,-8,-5,2,13,1,-8,-4
7,8,-1,2,-7,0,12,22
127,127,127,127,127,127,127,127
-2,-5,-7,8,18,3,-1,-14
-1,15,7,-3,-9,3,1,-10
-1,-8,-1,4,6,-7,-8,-7
125,125,127,127,127,127,126,127
-1,-3,2,8,16,-2,2,-20
2,-3,-2,-13,-15,0,4,15
5,3,1,5,7,-3,-2,-11
127,127,127,126,127,124,127,127
-5,-9,0,-1,-4,-1,-2,-38
-1,-1,5,10,13,-8,-5,14
-2,-4,-7,-8,-8,7,1,-12
127,127,127,127,119,126,127,127
2,-3,2,-6,-23,-4,-1,6
-3,-1,5,5,8,7,-6,-24
9,3,-5,4,-6,-4,3,13
127,125,116,127,127,127,126,124
-3,-6,-7,-20,-24,-3,3,15
-4,2,-2,0,-1,-2,1,-7
-4,-10,0,1,2,-2,-4,-7
127,127,125,127,127,127,126,127
0,2,-2,2,4,-5,-9,7
4,0,1,0,-8,-2,6,18
-2,0,-2,-3,-10,-5,-9,-33
127,125,127,127,127,127,123,127
-3,2,-1,0,0,1,2,2
0,-3,-6,-7,-9,2,0,17
0,-1,1,7,8,-3,-6,-4
106,111,127,125,125,127,125,125
1,-3,-10,-18,-22,-1,-2,6
3,-7,-2,10,8,0,7,10
-9,-5,-4,-15,-15,-5,-5,-12
42,103,95,123,121,127,126,114
-1,-7,1,5,18,5,-5,-25
-8,2,-9,-2,5,-1,-5,-35
3,3,5,4,6,-9,-2,4
106,122,127,127,127,127,127,127
-4,1,3,-4,-3,2,2,13
2,5,2,-3,-10,-2,-5,-23
-3,2,1,4,15,3,1,4
127,113,127,127,127,127,125,126
-1,-6,3,13,17,-3,9,11
-1,4,-2,-15,-24,-1,-6,2
5,6,2,-1,6,4,2,11
127,120,111,127,127,127,127,127
1,-2,-2,5,15,13,-7,-61
3,-8,-2,-2,6,-4,2,26
-3,-1,-2,-10,-13,-3,-2,1
92,127,127,127,127,127,127,123
2,1,-5,-4,0,-3,-2,0
-5,2,1,2,7,5,12,4
0,-8,1,0,-2,-6,-4,3
127,124,127,127,127,127,127,127
1,2,1,-11,-23,-4,-4,6
-1,1,-2,-1,-9,-5,-10,-26
1,-6,-4,-1,-3,3,7,33
126,127,127,127,127,127,127,127
-3,-2,-1,-6,-10,-13,-5,22
4,-2,-2,0,-4,1,6,48
-4,1,1,11,16,2,-6,-47
126,127,125,127,126,114,117,124
2,12,2,8,6,2,8,-4
-7,-11,-2,-11,-19,-11,-20,-18
1,5,-2,0,7,10,7,14
-2,1,0,-2,-1,-5,-2,-18
2,-4,-1,1,0,0,0,13
-2,-1,1,-9,-12,1,-1,-13
-5,0,-1,7,7,-7,-2,-9
2,-8,-5,-11,-14,-4,-2,8
0,2,-2,5,12,-2,3,-2
-4,-1,1,8,15,-1,0,-17
2,-3,-4,-15,-13,4,0,13
-2,4,7,-1,-7,-8,-1,16
-1,-2,0,4,4,7,-1,-16
0,0,-2,-2,-7,-11,-4,4
0,2,-3,1,3,-2,1,29
-1,3,0,5,16,6,-6,-50
-9,-6,-8,-20,-28,-11,-7,13
3,-2,-3,2,10,5,1,3
2,1,0,1,-1,2,0,1
3,0,4,9,16,4,7,11
1,8,2,-11,-25,-5,-10,-9
-5,-10,-4,2,8,4,7,6
-1,-4,-1,-9,-12,-7,-9,-35
-1,0,-2,2,2,6,6,9
1,-2,1,11,8,10,2,5
-3,-3,-1,-4,-5,-3,-4,1
3,9,4,-2,-6,0,-2,-15
-3,-2,-5,-4,-7,-4,-2,-9
-4,-1,4,4,4,2,0,13
-1,1,-1,7,11,6,2,0
-1,-2,-4,-6,-3,-8,-6,-8
3,4,-2,-3,-19,0,2,5
-2,0,-2,2,13,0,-1,3
-1,1,0,-5,-15,-5,-3,-9
1,-2,-2,1,6,1,4,-4
-4,-6,-4,-8,-14,-5,-4,7
2,1,2,6,6,4,2,-12
-2,2,-1,-5,1,-3,-5,-34
-1,-6,1,1,-1,5,4,13
1,3,6,-1,-11,-5,1,8
0,0,-1,2,8,6,-1,11
0,0,0,2,3,0,2,1
-5,-5,-1,-2,-6,-3,-4,-1
-1,4,5,1,6,-3,-2,0
1,-3,-7,-5,-3,-2,0,-3
1,0,1,0,-3,0,1,8
-2,-2,0,1,-2,1,-1,-6
-1,-3,-2,-1,0,5,0,1
0,2,0,-3,-9,-13,-5,-1
-1,0,-3,-3,1,1,1,6
-1,1,-3,2,7,-2,-1,-2
4,0,-1,0,3,2,1,-3
0,0,-2,-2,-3,0,2,3
-3,0,1,3,0,-1,-3,-5
-1,-1,-1,-1,-2,0,-2,-3
2,-3,-3,-1,0,-3,-2,0
2,-1,-2,-3,0,0,-1,-1
17,0,1,-3,-2,1,2,6
-11,2,3,7,0,2,0,-2
-17,-12,-4,-3,-4,-1,-3,-2
-13,-4,0,-5,3,-2,0,-1
26,8,1,-1,-1,-2,-2,4
11,-2,0,12,-2,-2,-1,-1
-1,3,4,-10,1,-4,1,4
-71,-21,-21,-7,-7,-2,-4,-21
56,19,12,-10,1,2,3,9
-18,-10,-6,-6,1,2,0,2
50,15,7,27,-3,-2,-2,6
9,0,-5,-77,-5,-2,-2,-1
-42,-7,-9,15,-6,-1,-1,-5
-7,2,11,10,3,-3,-1,-7
-6,1,-13,2,1,0,-1,-3
23,-4,-11,-39,-6,-1,1,12
-59,-1,10,6,0,-1,0,-9
25,-2,23,30,4,-1,-2,-4
-20,-6,-14,-1,4,4,1,-1
3,-2,7,21,2,-2,-2,8
-6,-8,-20,-14,-3,-2,-2,-2
8,-1,-7,-17,-10,-1,1,8
-17,-5,12,13,4,-2,-4,-2
10,7,2,29,9,3,1,0
56,-3,1,-24,-10,-1,0,4
-52,-3,-18,6,-2,4,0,-8
-31,-5,4,-35,-5,-4,-2,-8
63,7,5,19,6,-3,3,24
-38,2,31,40,2,-3,-2,-17
2,6,-16,-36,-4,6,2,-4
-7,-6,-9,-2,1,-8,1,2
-2,-1,4,25,-6,-2,-3,-6
18,-2,-7,-15,1,-1,0,9
10,-3,2,0,3,-3,-1,2
11,1,-3,1,-7,-1,0,-5
-3,1,6,2,-1,1,-1,-2
-5,-2,-7,-9,-1,0,0,3
0,1,-2,-4,-1,-4,-3,-3
2,-2,-2,5,-1,2,-1,-2
-5,4,4,0,2,1,2,-5
-17,-6,-5,7,0,-2,0,3
8,-4,-2,3,-1,-2,-2,0
14,0,2,-7,-3,-2,1,-1
-9,-2,0,8,1,0,-2,-4
-2,0,-3,-1,3,1,-1,0
6,1,-1,-4,0,-1,-1,1
2,2,0,-3,-2,0,-1,-2
-8,1,1,3,6,-1,-3,-3
-4,-4,-4,-7,-19,-4,-3,-1
4,2,0,-5,-3,-2,-3,-1
-4,-1,1,2,-1,3,-1,-2
-2,-3,2,8,11,0,0,-2
2,0,-3,-3,0,0,-1,1
0,-1,1,-1,-1,0,1,0
2,1,-1,-2,-2,0,-3,1
-2,-2,-1,2,-3,1,0,-1
-2,-3,-3,0,4,0,-1,1
1,1,0,-3,2,-4,0,-1
0,0,-2,2,0,-1,0,1
-4,0,-1,-4,-5,-3,-1,-3
-4,-2,-1,0,1,-1,0,0
1,-2,0,0,4,-2,-2,-2
3,-1,-1,-2,-2,2,-2,-1
-2,0,0,-1,-2,2,0,-1
-1,0,-3,6,5,0,0,0
2,-3,0,-5,-7,-1,-1,-1
0,-2,-1,-2,7,0,0,0
-2,0,0,-1,-1,-2,-2,-2
-2,-2,-1,2,1,-5,0,-1
1,0,-2,-6,-14,2,-2,0
-1,-2,0,1,-1,-1,1,-1
-3,-1,-1,-1,8,-1,-1,0
1,-3,-3,0,3,-2,-2,-1
-1,-2,-1,0,8,0,0,0
-1,-1,-2,-3,-6,-1,-2,0
0,0,-1,0,-2,-1,1,-2
-3,0,-1,-1,-1,0,0,-1
-2,-1,1,5,7,1,-1,-2
0,-2,-1,0,0,0,1,0
1,0,0,-1,0,1,-1,0
-2,-1,0,-5,-8,-1,-2,-2
-2,-1,-1,0,-1,-2,1,-2
1,-1,1,2,4,-1,1,-2
-1,-2,-1,-3,-3,-4,-4,-2
-1,0,-1,3,-4,-1,2,-1
0,0,-3,-10,-8,-6,0,-1
1,0,-1,1,2,0,-1,0
0,-1,-1,4,-1,0,-1,0
-3,-1,-1,0,-1,0,1,-1
-1,-1,2,1,-6,-1,-1,0
0,0,-1,-2,2,-3,-1,-2
0,-1,1,0,-4,0,0,-2
0,0,-1,-2,2,1,-2,-1
0,0,-1,1,6,-1,-1,-2
-3,1,-1,1,-5,-3,-1,-3
-3,-1,-1,-4,-9,1,-2,0
-1,-2,-4,-3,8,-1,0,-1
-1,-1,2,-1,-1,1,-1,-1
0,-1,1,0,0,1,1,0
-1,3,2,0,-1,0,2,1
-1,1,3,2,-1,-3,-3,-1
-1,-2,-4,-2,-6,0,-1,0
-2,-1,-4,0,4,2,0,-2
-2,-3,0,2,-2,-3,-1,-1
0,-1,-1,-2,-1,0,-2,0
1,0,1,2,1,-1,0,1
-1,-1,-3,-3,-7,-2,-3,1
0,-3,-7,-2,0,-1,0,-2
-1,1,8,-5,-3,-1,-2,-1
2,2,4,2,3,-3,0,0
-2,-1,0,0,0,-1,-1,0
-2,1,-5,-5,-2,-2,3,-2
-2,-4,-6,3,-3,-2,-1,-1
0,0,4,5,-1,-1,-2,0
-1,0,-1,-2,2,-1,-1,0
-1,-2,-1,5,-2,1,2,0
-3,0,-1,-10,-3,-3,-3,0
-1,-2,-7,-6,0,0,0,-3
0,-2,0,4,1,1,-2,-1
-1,-1,3,-1,0,-2,-5,0
-1,-3,-6,-2,1,0,1,-1
-1,-1,-1,2,0,-2,-2,-2
0,1,7,-4,-2,-2,-1,-1
2,0,-4,-5,0,1,-2,1
-1,1,6,4,3,0,0,1
0,-1,-5,-9,-4,1,0,-1
0,-2,-1,-1,-5,-4,1,1
1,-1,-1,-7,-4,-3,1,-1
0,-2,-3,-12,1,2,0,-2
-3,-3,1,12,-9,-6,-4,-2
-2,-2,1,5,6,0,2,-1
0,1,1,-4,-8,-2,-2,-1
3,2,-8,-5,1,0,3,0
-5,-4,-2,-1,2,0,0,-2
2,0,-3,-8,-9,-3,-1,1
-2,1,5,6,-2,-4,-3,-1
-5,-1,2,3,-2,-1,-2,-3
0,0,-3,-2,1,0,0,1
-1,-2,-1,1,-4,-1,-2,-2
-1,-3,-2,-7,2,1,1,-1
2,0,3,12,1,-2,-2,-1
0,2,0,5,4,0,1,1
0,-2,-4,-6,-2,-4,-1,-1
0,0,3,1,2,2,-1,0
-1,-1,-5,1,1,-3,-1,1
-1,-1,0,-2,1,-1,1,0
0,-2,-1,1,1,2,1,1
-2,-2,-2,-2,-1,1,-2,-2
-1,-3,-2,-3,-4,0,-2,-2
1,2,0,-2,1,-1,-3,-2
-1,1,-1,-2,-3,0,-2,-1
-4,-1,-1,3,6,-2,0,-2
-3,0,2,1,-1,-1,-3,-2
2,-1,-4,-2,1,1,0,1
-3,-1,1,0,-1,-1,-3,-5
0,0,-2,1,0,-1,0,0
-1,-1,-1,0,-6,-2,-2,-1
-1,-1,1,-4,-3,0,-1,1
1,0,-1,1,2,2,0,0
1,-1,-2,0,-1,-3,-2,-2
-1,0,-1,-2,-1,0,3,-1
1,0,-1,-2,-4,-3,-1,-1
-1,0,-3,-1,0,3,-1,2
-3,-1,-1,-2,-2,1,1,1
3,3,3,7,6,-1,2,1
-4,-3,-3,-6,-1,1,-1,-3
-1,-3,-2,2,1,-1,-1,-1
2,-1,-3,-5,-4,1,0,-2
-1,-1,-3,3,6,1,-1,1
-3,-3,-2,-2,-2,-1,-1,-2
1,1,-2,-1,0,0,1,2
-3,-2,0,2,-2,-5,0,-1
-1,-1,-1,-6,-8,-3,-3,-1
-2,0,0,1,1,0,0,-2
-1,-1,1,0,-5,-3,-2,-1
-1,-1,0,-1,1,0,-3,1
-1,-2,-2,-3,-1,2,0,0
1,-1,-1,-1,-3,-2,-3,-1
-1,1,-2,-2,0,0,0,-1
-2,1,-1,2,-3,-2,0,-2
2,-1,-2,-1,1,2,3,0
-1,-1,0,-1,3,1,1,-1
-2,-1,-1,-4,-6,-6,-4,-2
0,-3,-1,4,2,1,1,0
0,-2,-4,-3,-2,2,1,2
1,1,-4,-1,2,1,1,0
-2,-1,6,5,-1,-2,-2,-2
-2,0,-2,0,-1,-2,0,-1
-1,-1,-1,0,-5,-4,0,-3
1,-2,-3,-3,1,-1,1,0
-2,-2,-2,-5,-2,-4,-1,-1
0,0,-2,-1,0,0,0,-2
0,-1,3,1,-2,-2,-2,-2
-1,0,0,0,-1,-1,1,-1
0,-1,1,2,-1,-1,-2,-2
1,1,-3,-5,0,0,0,-2
-3,-2,0,2,8,2,-1,0
0,4,4,-3,-15,-2,0,1
0,-3,-1,1,10,2,3,1
0,-1,0,-3,-4,-5,-3,2
0,1,-7,-4,-1,1,-2,-1
1,0,-4,-3,0,1,-2,-2
0,1,4,2,8,3,1,-1
-2,-1,-1,9,-3,-1,-3,-2
1,0,3,2,4,-2,-1,-2
-1,-2,-2,-2,-1,1,-1,-1
-1,-1,-6,-6,-9,-1,-3,0
0,0,-1,-3,0,-3,-3,-1
-2,-3,0,-3,-1,-1,0,-2
0,0,4,5,5,0,1,-1
-1,-1,-2,-3,-5,0,1,0
-1,-1,0,0,0,0,0,0
-3,0,-6,-5,-5,-3,-4,-1
0,-2,-3,-2,5,3,1,2
0,0,0,-3,2,1,0,0
1,1,1,-2,-2,-1,0,-1
-1,-3,-3,1,-1,1,1,0
-1,1,2,1,-4,-3,-2,0
-1,-2,-3,1,-1,-4,-5,-3
-2,-2,-2,2,6,2,1,0
0,0,-1,2,-6,0,1,-2
-2,-4,-2,-3,-4,-6,-4,-3
1,-1,-1,-2,-2,-2,1,0
-3,-3,-3,-5,-4,-1,-1,-2
0,2,6,6,8,2,1,1
-1,-2,-3,0,-1,-2,-3,-1
0,1,0,2,2,0,0,1
1,-3,-6,-4,-4,-2,-1,-1
0,4,8,-1,-2,0,-2,-1
-2,-1,-4,-6,0,2,1,-1
0,-1,-1,-3,0,-3,-2,1
-1,-3,-2,-2,0,0,-2,-1
1,1,0,-1,-2,-1,-2,-1
0,0,2,3,1,-3,1,-1
-3,0,-5,-4,0,-4,-4,-3
1,2,2,-7,-17,-2,0,0
-1,-3,-2,-1,0,-1,-1,-1
0,2,3,1,11,0,-1,-1
-1,-4,-2,0,4,6,3,1
-2,2,4,1,-1,-5,-4,1
-2,-3,-3,-3,-4,-3,-3,-3
0,0,0,1,0,0,-2,-1
-1,-2,0,1,0,-3,-1,-2
-1,0,-1,-2,2,1,-1,-3
-1,-1,0,-2,2,3,0,-2
0,-1,-2,0,-3,-5,-1,0
1,1,1,-2,-7,-2,2,1
0,-1,-1,3,1,1,-3,-3
-1,0,-4,-1,4,-2,0,0
-1,-2,-1,0,-7,0,-2,0
0,1,0,-5,-6,-4,-3,-2
1,0,0,-2,1,2,4,1
-1,-2,-2,-3,-5,-3,0,-1
0,-3,-1,0,1,2,1,1
-1,-1,2,0,0,3,1,1
-1,-4,-2,-1,0,-4,-3,-2
0,1,-1,-9,-19,-4,-4,-2
0,0,-2,-1,-1,-1,-1,0
0,1,0,4,7,2,0,-1
-2,-2,0,0,0,0,2,1
0,-1,0,1,-1,0,-1,-2
-2,1,-1,-1,-5,0,-1,-3
0,1,-2,0,2,0,-2,0
0,-2,-2,-3,-3,1,0,1
1,1,-1,-1,1,-1,1,1
-1,0,-2,-4,-7,-2,0,1
-2,-2,2,8,5,-1,-2,-2
-1,-2,-4,-7,1,0,1,0
-2,-1,2,-7,-3,1,-1,0
0,0,0,2,4,1,0,0
-1,-2,-2,-2,-7,-3,-1,0
0,1,-1,9,5,2,-1,0
1,-4,-5,-2,0,-3,-3,0
-2,-2,3,-1,-1,3,1,0
0,1,-2,3,3,2,-1,1
-3,1,-1,-4,-7,-2,-1,-1
-1,-1,-1,1,1,-2,0,-2
0,0,1,2,0,-3,-2,-1
0,-4,-4,-4,-6,-5,-2,-2
0,0,2,2,2,1,0,0
-2,1,2,1,9,0,0,-1
-1,-1,0,4,3,0,1,0
0,-1,-4,-6,-1,1,2,-1
-2,-1,-4,-5,-8,-6,-5,-2
1,3,3,1,-1,1,1,0
-2,-2,-1,3,4,-1,-1,-1
0,0,0,-8,-14,-2,0,-1
-1,-2,0,3,7,1,0,0
-1,-2,-4,1,-4,-1,-2,0
-2,0,-2,-2,-2,-3,-4,-3
-1,0,2,-1,-4,0,0,-1
0,-2,1,0,7,0,-1,-3
0,0,-2,5,2,-2,0,0
0,1,-1,-9,-10,-1,-1,-2
-2,-4,-3,0,-1,-3,-3,-1
-1,1,1,4,11,-1,0,-1
-2,-2,-1,-4,-10,-1,-1,0
-1,-2,-2,2,2,-3,0,1
-1,-1,0,0,-2,0,-1,-1
0,0,-2,2,-1,-2,-1,-1
-1,-2,-1,-2,1,-1,-2,-2
-1,1,-1,-2,-1,-1,-1,-2
-2,-3,-1,1,2,1,-2,0
0,-1,0,-1,-2,0,-2,-2
-1,1,0,1,3,-2,-2,-1
0,0,-2,-3,-2,2,2,1
1,0,3,2,7,-1,0,0
-2,-2,-1,-1,-4,1,0,1
-1,-1,-2,-2,-3,-1,-1,-2
-1,-1,0,0,-4,-1,-1,-3
-1,0,-2,-1,-2,-2,1,-1
0,-2,-2,-2,-1,-1,-2,-1
-3,-2,0,-1,-2,-1,-1,-1
0,0,3,1,6,-3,-2,0
-1,-1,1,-1,-1,-1,-3,-2
0,1,0,-2,-3,-1,0,1
-1,0,-4,0,2,0,0,-2
-3,0,-2,-2,-3,-1,-1,0
-1,0,-3,1,2,-1,0,0
-1,1,-1,-6,-7,-3,1,0
1,-1,-1,1,5,1,0,-1
-1,-2,-3,-1,1,-1,0,0
1,1,3,0,-3,0,-1,0
0,-1,-2,2,3,1,-1,0
-1,-2,-2,0,-3,0,0,-2
-1,-2,-2,-2,-4,1,-2,-2
0,1,2,1,3,1,2,0
-1,0,1,-1,-6,-2,-1,0
1,0,-1,-1,2,-1,0,-1
0,1,-2,-2,-1,-2,0,0
-2,0,-3,0,1,-3,-1,-1
-1,-1,2,3,3,1,0,-1
-2,-2,-3,-5,-8,-3,-2,1
-1,1,1,1,-2,-1,1,0
0,-3,-1,-3,2,-1,-3,-1
-1,0,0,-3,-9,-3,-2,0
-1,-1,-1,1,5,0,1,1
0,-1,-1,-1,-2,1,-2,-1
-3,-2,-1,-2,-4,-1,-1,1
1,1,-1,1,1,-1,-1,-3
-1,-1,0,1,-3,1,1,1
0,-1,-1,0,-2,-3,-2,-2
-1,0,-3,-2,-1,1,-2,0
-1,-1,-1,2,3,1,1,1
-1,0,-2,-1,-2,-1,-4,-1
0,-3,1,-1,1,2,1,0
-2,-1,-1,-1,-1,-2,0,0
-1,-2,0,1,1,0,-1,0
-1,-1,-1,0,0,2,1,-2
-1,-2,-1,-2,0,-2,-2,-2
0,2,2,1,-1,0,0,0
0,0,-3,1,3,-2,0,-1
-1,0,1,-3,-6,0,-3,1
0,1,2,4,4,-2,0,-1
0,-2,-4,-6,-14,-1,-2,0
-1,0,0,1,3,3,1,-2
-1,0,0,0,1,-2,0,-2
-1,-2,1,-1,0,-1,-1,0
-2,-1,-1,-1,0,2,1,-1
0,-1,-2,0,-5,-2,-3,-1
1,1,0,-3,0,-1,-1,0
0,0,-1,-1,0,1,0,0
0,1,-1,-1,1,-4,-2,-1
-1,-1,-2,-1,3,1,-1,0
-3,0,0,-1,0,-1,1,0
-2,-2,-4,0,-2,-1,-2,-3
0,-2,-1,3,1,2,1,-1
-1,-2,0,-2,-2,-1,1,-1
-1,-1,-1,2,0,-3,-2,0
-2,-1,-1,-2,-4,-1,-1,1
-1,-1,-1,-1,0,1,-2,-2
-1,-1,-1,-1,-2,-2,-1,-1
0,-4,-2,1,0,1,0,0
-1,-1,-2,0,4,-2,0,0
0,-1,1,1,0,-1,-1,-1
-1,-1,-1,-1,-5,-1,-2,-1
0,2,1,1,4,1,-1,0
-2,-2,-5,-3,0,-1,0,-1
0,0,-1,0,5,-3,-2,-3
0,0,0,1,4,-1,-1,-1
-1,-1,-1,-2,-5,0,-1,-1
-1,0,-1,1,-2,1,-1,-2
-2,-2,-1,-1,2,-1,-1,0
-2,-2,-1,-1,1,-1,0,0
1,0,-2,-4,-4,-6,-5,-1
-1,1,-2,-1,-3,-1,1,0
1,-2,3,-1,0,2,0,2
0,-1,-3,-1,-1,-1,0,0
-1,-1,0,0,-1,0,4,0
-1,-2,-1,0,-1,-1,-2,-2
-2,1,-2,0,-4,-1,-1,-3
-1,-1,1,-2,0,1,0,2
-1,-2,-3,0,-1,-1,2,-1
-1,-1,2,0,-1,-2,0,-1
-2,-3,-3,-1,-1,-1,1,-1
-1,0,-1,-1,-6,0,-2,-1
0,0,-3,1,4,-1,-2,-1
-1,-2,-2,-4,-12,-1,-3,-1
-2,-1,-1,0,-2,0,-1,-1
1,1,-1,-3,5,-2,-1,0
-1,-1,2,0,0,0,0,1
1,1,-1,0,2,1,0,0
-1,-3,-3,0,-1,-2,1,-1
0,-2,0,0,-1,-1,-3,-1
-2,0,0,0,-1,1,-1,0
0,-1,-1,-1,2,0,0,1
0,0,-1,-2,-2,-3,-1,-2
-1,0,1,2,0,0,1,-1
-1,-2,-1,3,5,0,-1,-1
-2,-2,-3,-12,-17,-4,-2,-3
0,1,1,-1,3,0,-1,-1
-1,-3,-2,-1,-3,-1,0,0
0,-1,-2,0,-1,1,0,0
2,1,3,3,4,1,1,1
-2,-2,-1,-1,-4,-3,-2,0
-1,0,-1,-4,-3,-4,-1,-1
-1,-1,-2,-2,0,0,-2,-1
0,0,-1,1,2,2,0,1
-1,0,-1,-4,-5,1,0,0
-1,-1,1,1,-1,-1,-1,0
-2,1,0,-3,-3,-2,-1,-3
-2,-3,-3,1,0,-1,0,-2
-1,0,2,1,-1,0,0,1
-1,2,3,1,0,2,-1,0
0,-1,-2,-2,-3,0,-1,1
0,-1,-3,-2,-2,-1,-1,-1
0,-3,-4,-1,-1,0,-2,-2
0,1,-3,-2,-1,-2,0,-2
-2,-1,1,-1,-4,-1,2,0
-1,-2,0,2,5,0,2,0
0,-3,-1,-1,-3,-1,0,0
-1,-1,-2,-2,-4,-3,0,-1
1,1,-1,-1,-2,-1,-3,-1
0,0,-1,0,1,-2,-2,0
-1,0,-2,0,1,3,0,-1
-1,-2,-1,-2,0,0,0,0
-1,0,-2,-2,0,-4,0,-1
-1,-2,1,0,-1,-2,-2,-1
0,0,0,-1,0,-1,0,-1
-1,0,-2,0,0,-1,1,0
-1,-1,0,-1,0,0,-1,0
-1,-1,0,0,0,0,-4,0
0,-1,-2,-2,-1,-3,-2,-1
-2,-1,1,0,0,1,-1,-1
0,-1,-1,-2,0,-2,-1,-1
0,1,4,2,2,2,1,-2
-1,-1,-3,0,-2,0,1,-1
1,-1,-3,1,1,-2,0,-1
-3,-2,-1,-2,0,0,-1,-1
0,0,-1,-6,-15,-3,0,0
-1,0,-1,2,4,0,-2,0
-1,-2,2,-2,1,-1,0,-1
0,-1,-3,3,-2,0,1,-1
-1,0,-2,0,3,-2,-4,-1
1,0,-1,-2,-1,-1,-1,-2
1,0,-1,0,2,-1,-2,-1
-1,-1,-1,-2,-1,1,1,-1
-1,-2,-2,2,1,2,3,1
-1,-2,-4,-1,-2,-1,0,-1
-1,1,1,0,-1,2,-1,-1
0,0,1,-1,-1,-1,-2,1
0,-1,-1,-1,-1,-1,-1,-3
-1,0,0,1,0,1,-2,-1
-2,-4,-4,-2,-3,0,-2,0
1,-1,-1,0,0,-2,0,0
-1,-2,-2,-7,-15,-5,-2,1
0,-1,-1,0,4,-1,1,-1
-1,-1,-1,-3,-2,1,2,-1
-2,-1,-1,-1,-1,-2,-3,-1
-2,-1,-1,1,7,1,-1,-2
-1,0,0,-1,-2,-1,0,0
0,0,-2,1,1,-2,-1,-1
0,-2,-2,-5,-2,-2,-2,-1
-1,-2,-2,1,0,-1,-1,1
0,-1,-1,-2,0,1,-2,0
-2,-1,-1,0,-2,1,0,-2
0,0,3,0,0,-1,-1,-1
0,2,1,2,6,1,-1,-1
-2,0,-1,-1,-1,-1,0,0
-1,-2,-2,1,-1,0,1,2
-2,-1,-2,-1,1,1,0,-1
0,2,3,0,-1,-3,1,-2
-2,-2,-2,-2,-2,-1,-2,-3
-2,0,-2,-3,-1,-3,-2,0
-1,-3,-1,0,-1,1,0,-2
0,1,0,6,8,3,1,0
-1,-1,-4,-9,-14,-2,-2,1
-1,-2,-2,-2,-1,-1,-1,-1
0,-4,-2,0,-1,-2,-3,-1
-1,-2,-1,1,-1,-2,-1,-3
-1,-1,-1,0,12,1,0,-1
-1,0,-1,-3,-5,0,-4,-1
0,1,1,0,0,0,1,-1
-2,-2,-2,-3,-3,-2,-1,1
0,2,-1,1,-2,0,1,-1
0,-1,-1,1,3,-2,-1,-2
-2,0,-2,0,-2,-1,0,-2
1,0,-1,-6,-1,0,-1,-1
-1,-5,-1,2,-3,-4,-2,-1
0,1,0,-5,-10,-1,-1,0
1,-1,-2,-1,-2,-1,-1,1
-1,-2,-1,-1,1,-1,0,-1
-1,1,2,2,0,-1,2,0
0,-1,-1,-2,-3,0,-2,-3
0,1,2,-1,1,0,-2,1
-1,-2,-2,-2,-4,2,-1,0
-1,0,0,1,0,0,-1,0
-1,-1,-2,0,0,-1,-1,-1
-3,0,-4,-2,-2,0,1,0
-2,2,1,0,-1,-2,-3,0
0,-1,-1,-2,-2,-1,0,-1
0,-2,-1,0,0,2,1,0
-1,0,1,-3,-4,-1,-1,-1
-1,-1,-1,-2,-1,-1,1,-1
0,-3,-1,1,-2,-5,-2,-1
-1,-1,-1,1,0,-1,-1,0
-1,-2,-2,1,0,-1,-3,-2
0,0,-1,-2,-4,-2,-2,1
-2,1,-2,-3,-2,-1,0,1
-2,-4,-1,-2,2,-1,-1,0
-1,0,0,0,-1,-2,0,-2
0,-1,0,1,-1,1,0,-2
0,0,0,0,1,0,-1,-1
-1,1,-2,0,-2,0,0,0
-2,-1,-1,0,-2,0,0,3
-1,-2,-1,-3,2,-1,0,-1
0,-2,0,-1,0,-2,-1,-2
0,0,-1,0,-2,-1,-1,-1
0,-2,-1,1,1,-2,-1,-1
0,-2,-2,-2,-6,-1,1,-1
-2,2,-1,-1,0,1,-2,-1
-1,0,-2,-1,-2,-5,-3,1
-1,0,2,2,2,1,1,0
-1,0,-2,-3,-2,0,0,-1
-2,-2,-1,3,4,-1,-2,-2
1,0,0,-10,-17,0,-2,-1
-1,-1,-2,0,2,1,-1,-1
-1,-1,-1,1,-1,-3,0,0
-2,-1,2,1,-3,0,-1,-2
-1,0,-2,1,2,-3,-1,1
0,0,1,0,4,0,2,-2
-1,-2,-3,-1,-5,-2,-3,0
-1,0,-1,-4,-3,0,-1,0
-2,-2,-1,3,2,-1,0,0
0,1,-3,-4,-5,1,-2,-1
-2,-2,-3,3,4,0,1,0
0,-1,-1,0,0,1,0,0
-2,0,2,2,2,-2,-2,-2
-1,1,-1,-7,-10,1,-2,0
-2,0,-2,1,-1,-2,-1,-1
0,0,-1,0,1,0,-2,-1
-1,1,-1,-1,-1,0,1,-1
-1,-2,1,3,-1,-1,-2,-2
0,-1,-1,-3,2,2,-1,1
0,-1,-3,-7,-9,-2,0,-1
0,-1,0,1,5,-1,-3,-1
0,1,-1,0,-1,-5,-1,-2
-1,-1,-1,-3,-1,2,-1,-1
-1,-1,-1,1,9,2,2,0
-1,0,-2,0,1,0,0,0
0,-2,-1,-1,1,-3,-2,-2
-1,-1,-1,0,-4,0,-1,0
0,-2,2,-1,0,-1,-1,0
1,-2,-3,-2,-1,1,0,-1
-1,0,0,-2,-4,0,-1,-2
-1,0,-1,2,2,0,0,-1
-2,-1,-1,-1,2,-4,-3,0
-2,-1,0,-1,0,3,-1,-1
-1,-1,-2,-3,-2,-1,0,0
1,1,1,0,-1,-1,-2,-1
1,0,-1,2,0,-1,-2,-2
0,1,-2,-1,-1,1,0,0
0,-2,-2,-1,0,0,0,0
0,-2,-1,0,8,-1,1,0
-2,-1,-1,-1,-7,1,-1,-1
-2,-2,-1,1,0,-2,0,-2
1,-1,0,-1,0,-1,-2,-1
0,-1,1,-1,3,1,-2,-1
1,-1,-5,-2,-1,0,-1,-1
0,1,3,-3,-5,1,-2,-2
1,-1,2,2,-3,-1,-2,0
-1,-2,0,-2,-2,-1,-2,-2
-1,-1,0,-2,0,-2,-1,1
1,-1,-2,0,-2,0,-1,0
-1,-2,0,0,1,-3,-2,-2
0,0,-1,3,-1,0,-2,-2
-1,0,-3,-4,1,-1,0,0
-1,-1,1,0,2,0,0,-2
-1,-1,-1,-1,0,1,-1,-2
-1,-1,-3,-1,-5,-2,-1,0
0,1,1,3,-1,1,-3,-1
2,1,2,1,0,-2,0,-1
-1,0,-1,-2,0,-1,0,-1
-1,0,-1,1,-1,0,0,-1
0,-1,-1,-1,-5,-2,-2,-1
-2,0,-2,-1,1,0,-3,-3
0,-2,1,-1,0,1,1,0
-1,-1,-2,1,-1,0,-2,0
1,2,3,1,-4,-2,0,-1
-1,-2,-3,-4,-4,-3,1,1
-1,-1,-3,1,1,-1,2,-1
0,-2,-2,-5,-3,-4,0,1
-1,1,0,1,-6,-1,-1,0
0,-1,-1,0,0,0,-1,-1
0,1,-1,-1,-1,0,0,0
-1,-1,-2,-2,2,-1,-2,-2
0,1,1,5,4,-1,-1,0
-1,-3,-4,-15,-17,-1,0,-1
-3,-1,-2,0,2,3,-1,0
0,0,0,0,-6,2,-1,1
-1,-1,-2,0,1,0,-1,0
-1,-2,1,5,6,-1,-1,0
1,0,-1,-2,0,1,-2,1
-2,-1,1,-1,-3,-2,0,-2
-1,-3,0,-2,0,-1,-2,-1
0,0,0,0,3,-2,-2,-1
-2,-2,0,0,-4,-2,-1,0
0,-1,0,1,-1,-2,-2,-1
-2,-1,-3,-2,-3,1,1,-1
-2,-2,-2,2,2,0,-1,-2
0,0,0,1,1,0,0,-1
0,-1,-2,-1,-1,1,-2,-1
1,-1,1,-3,0,-4,-2,1
-1,1,0,-2,0,0,-2,-1
-2,1,0,1,-4,0,-2,0
0,1,0,-3,-3,-2,-2,0
-2,-2,-3,-1,0,2,0,-2
-1,-1,-1,2,3,-3,-1,1
-1,-1,-3,-3,-1,1,1,-1
-1,-2,1,1,1,-2,-1,-1
-1,-2,-1,-4,-2,0,-1,-2
-1,-3,1,2,0,0,0,-1
0,-2,-3,-5,-1,-2,-1,-2
-1,-1,-1,0,-1,-4,-2,-2
1,0,-1,3,1,0,-1,-1
-2,-2,-2,-7,-10,-1,0,-1
1,1,1,1,-2,-3,-1,-1
-1,0,0,0,3,2,0,-1
0,-2,-2,-3,-2,-2,-1,0
-2,-1,-3,1,0,0,0,-1
-1,-2,0,1,1,-2,-1,-1
-1,-1,0,-3,-2,1,0,0
-1,0,0,-1,-4,0,-1,0
1,0,-2,-1,-3,-2,-1,0
-1,-2,-2,-1,0,-2,-4,-1
-1,-2,-4,0,0,-1,0,1
0,0,-1,-1,-2,-2,2,0
-1,0,0,0,2,-2,-2,-1
-3,0,-2,-3,-4,-1,1,-1
0,0,-1,-2,2,-3,-1,0
-1,-2,-1,-2,-8,-1,-2,0
-1,1,1,0,1,1,-1,-1
0,0,3,3,3,-1,1,2
1,-2,-3,-2,-2,1,-2,-2
-1,-1,-1,-1,1,0,2,-1
-1,0,-2,-1,-2,-2,-2,-2
-1,-3,-4,-1,5,1,-1,-2
-1,0,1,0,1,-1,0,1
1,2,1,3,1,1,0,-1
2,0,0,2,-1,1,-1,-2
0,-1,1,-1,1,-3,-2,0
-1,-1,-2,-2,-6,-2,-2,-2
-2,-3,-1,-5,1,-1,1,-1
0,-1,-1,-2,-1,0,0,0
0,-1,-1,-1,-3,-3,0,-1
-1,-3,0,2,-1,0,0,0
-1,0,-1,1,-2,-1,-1,2
-2,-2,0,0,0,0,-1,-1
0,-1,0,-1,-4,1,0,-1
-1,-2,-4,-2,1,-2,0,0
0,0,0,-2,3,2,0,-2
-1,-1,-1,-2,-4,-2,0,-2
1,-1,-1,0,2,0,0,0
-2,1,0,-1,-3,-1,3,-1
-1,-2,-1,-1,0,-2,-1,-1
0,1,1,2,-2,-2,0,0
1,-2,1,-4,-1,-2,0,-2
-1,-3,-1,0,2,1,-1,1
1,0,-1,-1,-5,-4,-6,-2
-2,-1,-4,0,1,0,0,-2
-3,-1,-2,0,-1,-1,-1,-1
1,0,0,-3,-4,2,0,-2
0,0,2,0,2,1,-1,-1
1,-2,-2,1,6,2,0,0
-1,1,2,-5,-10,-2,-2,-2
0,-2,-3,0,-2,-1,-2,-2
-1,-2,-2,0,-1,-3,-2,-1
2,1,3,0,0,-2,0,2
0,-2,-5,0,-1,3,0,0
-1,-1,0,0,3,0,0,0
-1,-1,-1,-4,-2,-1,-1,0
-1,-1,0,-1,-1,0,2,0
1,-2,-3,1,4,-2,1,-2
-1,1,1,1,-3,0,-1,-2
-1,-2,-5,-1,-4,0,1,-1
0,0,1,-5,-3,-4,-2,-2
-1,-1,0,0,-1,-1,-1,0
-1,2,0,-1,2,-2,0,-2
-2,-1,-1,-1,-4,1,-1,-2
-1,-3,-3,2,2,0,0,0
0,0,-1,-1,-4,0,-2,0
1,-2,-2,-1,-1,1,0,-2
-1,-3,-2,0,1,2,-2,0
0,2,1,1,-3,-3,-1,-2
-2,-1,-3,-2,2,-1,-1,0
-1,-2,0,0,-1,-1,-1,-1
0,1,1,2,0,-1,0,-1
-2,-1,-2,-2,-2,1,-1,0
-1,-2,-1,2,-1,0,-1,0
-2,-1,-1,-4,-4,-2,-2,0
-1,0,1,-2,-1,-3,-1,-2
-3,-1,-1,-1,-1,0,-2,0
-1,0,-1,3,4,0,-2,0
-2,0,-1,0,-3,1,1,-1
-2,-4,-3,-1,6,2,0,-1
0,0,1,2,-2,0,2,0
0,-2,-2,-3,-3,-3,-4,-2
0,-2,-2,0,-1,-1,-1,0
-1,-1,0,-2,-1,-1,1,0
-2,-2,-1,0,1,0,0,-2
1,1,1,1,4,0,0,-2
-1,-1,-2,-8,-7,-1,-3,-1
-1,-2,-1,0,-4,0,-1,-1
0,0,-3,-2,-2,-4,-3,-1
-1,-2,-2,1,5,2,0,-1
-1,-2,-2,2,1,-1,-1,-1
1,0,-1,-1,-1,-3,-1,0
0,-1,-2,0,0,0,0,-1
0,1,2,-3,-12,-2,1,-1
