-28,1,-5,24,24,9,2,0,1
27,30,12,-6,3,-5,5,2,1
7,-1,0,10,48,10,5,2,1
0,8,-3,-8,9,0,-6,-2,1
3,3,1,3,-39,-7,2,2,1
6,3,-1,-7,-3,1,-1,0,1
-4,3,1,-17,-13,-6,-6,-1,1
-23,-15,0,18,0,-8,-2,-4,1
32,7,16,7,-12,7,1,5,1
-55,-60,-25,-20,35,0,-2,-10,1
12,5,8,14,13,2,3,2,1
5,19,6,5,-30,-2,10,0,1
-3,-17,-1,10,74,4,-1,-2,1
4,16,3,-4,-92,-5,-2,0,1
3,1,1,-6,14,1,3,1,1
6,-14,3,-20,36,-2,-1,1,1
-13,-1,-2,6,-25,0,4,0,1
-3,-25,0,12,66,10,0,-3,1
-11,-11,-1,3,-33,0,3,-2,1
11,10,0,-14,-44,-9,-4,1,1
-6,-6,1,-15,11,-5,1,-5,1
21,25,7,-16,27,-2,-9,0,1
-12,0,-10,-12,-40,-4,3,-3,1
-2,-24,-1,21,0,1,-7,-2,1
-3,3,-3,15,22,-1,-4,-2,1
10,20,7,-15,-46,-5,0,3,1
-3,14,0,-2,25,0,-2,1,1
7,11,9,12,29,18,7,5,1
-4,4,-10,-22,-33,-5,-3,-3,1
-7,-9,7,21,24,-1,4,-2,1
15,-1,-3,-20,-32,-16,-5,0,1
11,16,1,-8,-2,3,6,3,1
-11,-10,0,5,-25,4,-2,-1,1
9,12,8,7,5,-2,8,2,1
3,-4,-1,16,18,3,-9,-3,1
-12,-17,-7,-27,23,5,6,-1,1
-10,10,-7,-18,-13,-8,-7,-7,1
-1,-4,0,3,20,2,-3,2,1
-7,-10,-1,-7,-81,-12,-10,-5,1
2,4,2,7,50,-2,-1,-2,1
-4,-7,-3,-8,-31,0,-1,1,1
-2,10,-2,-9,-4,-1,1,-1,1
-5,6,1,-6,48,3,-1,-3,1
17,17,3,-11,-44,-3,1,1,1
-4,-3,0,-10,-14,-15,0,-2,1
2,4,-2,7,21,6,-9,3,1
-17,-2,-2,35,42,8,7,0,1
5,24,5,6,-35,-6,-3,-1,1
17,5,3,13,16,5,0,3,1
-28,-50,-19,-4,0,-3,-3,-7,1
24,23,13,0,-11,-2,-1,3,1
-23,-35,-13,-3,-10,0,-2,-6,1
1,0,5,32,91,14,1,3,1
7,17,-1,-19,-85,-12,9,-3,1
-4,0,-6,-17,6,-7,-1,1,1
-2,-4,-1,6,71,0,-13,-1,1
15,-1,-3,-12,-26,-6,5,2,1
-6,-18,-4,6,11,6,5,-3,1
-4,-17,-1,18,11,6,3,3,1
4,33,0,-19,-29,1,-2,-3,1
-13,-24,-1,11,-3,-7,-5,-6,1
16,33,3,-2,-22,-9,-7,1,1
-5,-10,-6,2,-11,-2,-1,-3,1
15,35,9,10,31,10,4,6,1
-11,-8,-11,-18,-26,-4,-2,-1,1
-5,-3,0,19,83,10,6,1,1
17,5,7,-15,-82,-6,4,0,1
-5,-17,-8,-11,2,-2,-13,-3,1
-12,17,-3,-2,10,4,9,-4,1
-7,-21,-1,-12,7,-4,-9,-2,1
18,18,1,-23,10,0,-4,1,1
-19,6,-3,21,8,-7,2,-3,1
2,-5,1,-5,-76,-13,-9,0,1
11,11,6,6,28,6,7,4,1
-18,-19,-7,-3,32,7,-1,-4,1
0,-21,-3,27,-4,-4,6,-5,1
13,30,11,-22,2,4,-2,2,1
-8,-9,-10,7,10,-3,-11,-6,1
-14,1,-2,-23,-18,-7,3,-2,1
-6,1,3,-4,-12,1,5,-1,1
7,-13,-3,20,45,1,-4,-1,1
21,7,-7,-21,-34,-5,-1,3,1
-34,9,-1,7,35,-7,-8,-10,1
3,-12,3,-5,-29,4,5,2,1
15,13,-4,-11,-3,-3,1,0,1
-2,-2,10,7,-14,3,-1,1,1
6,-1,1,3,36,6,8,5,1
4,12,-1,16,-6,0,-4,-2,1
-11,-21,-11,3,11,2,-4,0,1
20,42,10,18,-11,4,11,6,1
5,-38,-5,-20,-34,-4,-6,-3,1
-25,-30,-8,-15,72,-2,-6,-4,1
28,40,11,2,-79,5,8,8,1
-30,-20,-2,14,24,-9,-7,-7,1
3,-16,-9,-11,16,-1,-2,-1,1
23,18,-2,-36,-33,4,9,7,1
-32,-23,-7,11,21,-5,-1,-5,1
11,11,7,5,9,4,4,5,1
-3,26,1,-4,-4,9,2,2,1
15,4,1,19,13,-2,-10,0,1
-52,-47,-17,-22,-30,-13,-5,-9,1
14,17,2,-1,-37,0,4,1,1
-3,-6,-2,19,36,7,-2,-1,1
4,-10,2,9,-23,-6,-5,0,1
28,14,7,0,25,15,12,5,1
-47,-56,-15,1,11,-6,-7,-11,1
-7,26,-1,-23,-57,-13,-12,-3,1
-12,-12,2,14,22,4,9,0,1
13,4,1,3,42,8,0,3,1
-6,-2,-1,7,-40,-9,-2,-1,1
8,7,7,29,67,4,0,-1,1
-15,-22,-16,-33,-94,-10,-1,-2,1
4,1,5,18,59,4,-6,-1,1
24,31,5,-22,-60,-8,-4,2,1
-12,-22,4,17,45,7,10,0,1
7,-4,-5,9,-33,-5,-5,-2,1
-16,-14,-1,1,44,2,-7,-4,1
15,11,-2,-4,-19,-1,-8,0,1
-10,3,-1,10,-7,-3,-4,-4,1
-16,-15,-4,-33,28,-1,-3,-5,1
32,42,22,26,16,18,13,11,1
-14,-16,-11,-15,-57,-17,-13,-5,1
1,-6,-4,-4,-5,-4,3,-1,1
11,0,2,3,0,-5,-4,0,1
-25,-43,0,3,47,7,-3,-2,1
5,27,3,-24,-14,-4,1,1,1
14,-16,3,10,7,1,7,5,1
-10,2,2,6,-24,-9,-4,0,1
9,4,0,6,73,14,5,-1,1
-5,-9,-3,-8,-64,-2,2,-1,1
-11,15,-3,-2,6,-2,-4,-3,1
7,2,5,2,25,5,0,1,1
-5,10,-2,-17,-36,-13,5,-3,1
-23,-11,-1,31,76,14,7,1,1
16,7,-1,-19,-58,-12,-12,-1,1
-2,1,0,-2,0,2,2,2,1
-4,12,-1,-7,-33,-3,-3,-4,1
8,10,2,19,69,13,3,4,1
-9,-11,-12,-20,-53,-8,4,-3,1
2,15,5,5,-40,-5,-6,-2,1
-1,-15,-9,-21,-48,-11,-8,2,1
19,8,0,9,62,13,13,7,1
-11,-8,4,11,-10,4,-6,-2,1
2,-8,-1,-16,34,7,6,3,1
15,29,0,11,-30,-14,-6,-1,1
-5,-23,-3,10,30,0,-1,-2,1
9,5,5,5,1,12,4,3,1
4,-1,-5,-6,29,0,4,-2,1
-25,-39,-9,-10,-95,-12,-6,-4,1
-13,-12,2,-2,0,-5,-1,-3,1
13,21,1,28,19,1,-1,2,1
-7,-7,-3,1,44,-2,-3,-4,1
19,42,1,-30,-5,3,2,4,1
-6,6,2,11,-37,-8,-10,-5,1
4,5,-1,-5,15,11,8,3,1
2,7,0,2,-12,-6,-3,-1,1
-12,-13,-1,-2,21,-8,-6,-6,1
3,12,-4,-22,-17,2,4,-2,1
-6,-15,-1,2,24,-3,-7,-3,1
17,20,7,0,51,3,7,3,1
-24,-14,-8,-18,-89,-18,-1,-6,1
10,-6,-1,-10,26,-5,-7,-1,1
1,-8,3,12,30,7,2,2,1
-1,-2,-5,8,12,8,-6,0,1
4,1,2,19,40,10,3,-2,1
3,4,0,-7,-50,-1,7,0,1
-29,-15,-6,0,11,-9,-10,-5,1
14,15,0,-33,-38,3,11,3,1
-7,-23,-1,3,-11,-3,-10,0,1
3,-12,0,-2,27,8,9,4,1
-3,-6,-9,-17,-14,-3,-3,-2,1
-5,-6,6,30,19,2,0,1,1
26,31,-5,-24,27,7,1,1,1
-35,-63,-11,-10,-21,-6,-4,-8,1
19,16,10,18,-37,-7,-8,1,1
-10,-11,-6,4,32,12,12,-2,1
-5,-3,2,14,23,-2,-2,-4,1
0,-1,-6,-1,-41,-13,-15,-6,1
3,12,7,-2,8,0,9,2,1
-6,1,-1,3,-23,-1,-1,-2,1
3,-9,-2,21,41,3,0,1,1
11,28,5,-12,26,4,10,1,1
1,-7,-6,-26,-46,-8,-11,-5,1
-5,-40,-14,26,-23,-4,-3,-4,1
-6,4,3,-12,-1,-4,2,0,1
-1,10,7,14,19,-4,-4,1,1
14,21,-2,-16,-10,3,3,2,1
-1,-14,1,-14,-20,-7,2,1,1
-5,-3,-4,23,49,10,-3,-1,1
4,8,-1,-11,-33,-1,0,2,1
1,-4,-3,11,-10,0,2,0,1
-11,-9,2,8,28,-2,-17,-8,1
-5,-8,-9,-25,-75,-13,2,2,1
3,31,14,14,69,10,3,1,1
-10,2,-1,-15,-35,1,1,-1,1
-15,11,-2,18,-27,-16,-12,-4,1
14,12,5,5,42,5,4,-1,1
2,-15,-9,-1,-50,-9,-8,0,1
-8,-25,-10,3,36,1,11,-2,1
37,58,14,13,23,7,3,4,1
-47,-72,-17,-20,-25,0,-3,-9,1
4,11,3,8,5,-7,-11,0,1
-6,4,-1,1,-16,-3,-6,-5,1
13,13,1,2,-5,-10,-1,1,1
-5,-16,2,11,0,4,0,-3,1
3,8,-2,-23,59,10,2,0,1
16,5,6,-6,-73,-6,-4,4,1
-23,-33,-11,-2,19,1,0,-3,1
14,38,14,26,23,11,8,4,1
-3,-13,-1,-10,-20,-10,1,-5,1
22,23,3,2,21,-1,-3,0,1
-25,-16,-7,-45,-51,-6,-7,-4,1
5,-4,-5,7,-18,-6,-3,2,1
18,-4,4,16,36,10,1,3,1
-29,-25,-11,12,20,1,11,-4,1
11,4,-1,-7,-16,-2,-15,-2,1
-23,-3,-11,-15,-27,-8,8,-6,1
7,-2,-3,6,-8,2,4,2,1
25,20,2,-9,38,11,2,4,1
-56,-85,-16,29,-4,-5,-5,-7,1
23,7,10,16,46,6,-3,5,1
10,6,-4,4,-27,-7,-3,0,1
-35,-27,-11,-15,-19,-10,-1,-5,1
-14,-8,1,-25,-22,4,-1,-2,1
21,22,8,27,78,5,4,3,1
-15,12,-6,-26,-109,-16,-5,-5,1
22,14,7,-1,40,0,-2,3,1
23,27,-1,10,12,2,8,4,1
-20,-19,-7,-23,39,2,-2,-3,1
-23,2,-4,-8,-56,-3,-4,-7,1
8,-3,5,17,12,0,2,2,1
11,17,-6,-27,-15,-3,2,-2,1
-2,17,5,14,30,1,-3,3,1
-4,-7,2,-14,-22,-3,-6,-4,1
0,-8,-8,14,21,1,-2,-1,1
-13,-15,-2,-12,30,6,-2,-4,1
44,15,3,-20,-97,-7,1,5,1
-25,-36,-5,6,41,-3,-1,-1,1
-7,10,3,0,-26,2,-5,-4,1
22,42,16,36,55,9,11,9,1
-20,-17,-5,-4,14,-4,-9,-9,1
18,15,-6,-25,-28,0,8,6,1
1,-5,3,12,4,2,4,0,1
14,7,4,43,21,3,-7,2,1
-23,-9,-10,-14,-30,-8,-6,-6,1
-20,-2,-6,-2,51,8,4,-2,1
10,21,4,-13,-8,4,3,2,1
-19,1,-2,-18,34,-7,-10,-8,1
6,0,-5,-12,-96,-10,4,3,1
28,10,6,35,36,-2,-13,0,1
-24,-33,-12,16,78,6,-3,-8,1
-16,-22,-7,-37,-116,-15,3,0,1
31,27,4,4,4,-5,3,1,1
-18,-35,-7,-13,36,6,3,-1,1
15,14,14,36,20,4,0,3,1
12,28,0,15,-55,-17,-6,-6,1
-5,-8,-7,-42,-33,0,-3,-2,1
7,2,4,22,41,7,3,1,1
-5,-9,2,-4,-12,-7,-4,-3,1
21,-1,5,-4,0,6,-5,2,1
-33,-33,-17,1,-16,-7,-6,-8,1
6,8,2,-7,24,6,12,5,1
0,19,-2,-3,-1,-1,-2,-2,1
18,9,3,-21,-72,-7,7,5,1
-2,23,10,-7,42,2,4,3,1
27,22,19,50,80,18,-4,2,1
-11,-34,-9,-32,-82,-25,-9,-6,1
-51,-29,-28,-19,-12,-8,-4,-12,1
24,25,12,11,92,13,-4,2,1
8,10,-5,-26,-108,-15,1,4,1
-20,-27,-2,5,55,11,7,2,1
16,15,6,11,1,-1,-4,2,1
5,7,7,27,75,33,13,4,1
-12,-8,-7,-33,-84,-34,-15,-7,1
8,20,0,-9,-20,-8,-6,0,1
-11,-40,-1,7,92,10,5,1,1
0,3,0,-7,-17,-8,-8,-4,1
30,7,7,65,50,12,13,4,1
-55,-34,-16,-65,-61,-6,-10,-10,1
-44,-18,0,-6,-54,-18,7,-7,1
22,10,10,47,104,23,3,9,1
54,28,8,38,79,24,8,8,1
-72,-88,-45,-87,-98,-51,-25,-19,1
38,32,6,0,73,6,3,4,1
-35,-18,-9,12,45,9,-4,-6,1
-57,-5,-11,-39,-64,-22,-18,-15,1
42,21,14,60,92,13,12,8,1
-9,-31,-15,-14,-74,-20,-6,-4,1
10,-6,6,-14,-71,-18,-7,2,1
7,7,5,6,35,9,-2,2,1
23,15,10,23,16,30,17,7,1
-26,36,-7,-16,-43,-9,-15,-6,1
2,20,4,-3,-53,-5,6,-7,1
-5,-15,-3,-7,10,8,8,1,1
-15,19,1,16,38,16,0,0,1
44,20,18,34,-18,12,9,8,1
-46,-29,-15,-33,-24,-9,-12,-10,1
-7,20,3,-21,12,-14,-12,-5,1
26,5,-1,-3,11,0,2,3,1
12,10,12,25,-21,1,-2,2,1
6,-14,-4,10,32,2,-3,0,1
-25,-42,-15,-26,6,-15,-17,-8,1
6,-4,-1,-16,-23,5,4,3,1
11,20,10,35,81,10,-3,4,1
28,19,10,-23,-88,0,15,9,1
-25,-13,-5,21,70,7,3,-4,1
19,40,5,10,-35,-10,-16,1,1
-29,-32,-13,-43,-40,-8,2,-8,1
36,41,12,9,25,-3,-5,5,1
7,-4,2,42,79,24,7,2,1
13,-2,8,38,-43,-2,-4,7,1
-21,-9,-10,-44,-19,-12,-5,-5,1
0,-19,-4,-24,-25,-2,5,2,1
-6,30,0,-6,-15,-10,-15,-11,1
29,38,7,-3,-60,-20,12,3,1
-21,-62,-7,-9,90,11,-5,-3,1
7,4,1,25,51,1,5,4,1
-27,-35,-8,-33,-26,4,4,-4,1
13,18,4,4,30,10,5,1,1
26,24,4,19,22,11,9,8,1
-19,-10,-8,-11,-27,-8,-14,-12,1
7,-36,2,-13,91,21,8,8,1
-15,1,-7,2,-65,-25,-5,-11,1
17,22,-5,-3,79,4,6,2,1
-27,-11,-3,-20,-112,-27,-16,-5,1
38,37,12,32,25,10,15,8,1
-20,-14,-5,-30,47,13,-6,-4,1
30,55,9,-13,-4,5,11,8,1
-57,-77,-31,-8,-49,-14,-2,-11,1
12,33,11,6,-39,-21,-14,-1,1
-16,-3,-12,-6,63,9,-1,1,1
29,18,16,17,-4,13,12,5,1
-25,-3,-11,25,46,-1,-4,-3,1
-16,-34,-11,-35,-85,-4,9,-3,1
29,13,13,22,99,22,0,6,1
-29,-61,-11,-41,-90,-9,-5,-4,1
10,8,-3,9,85,7,-5,4,1
-7,-3,5,-8,-128,-24,4,-2,1
28,51,14,14,79,9,9,3,1
-6,3,-2,-12,-24,1,-3,-3,1
17,8,14,16,16,5,6,3,1
-18,-20,-12,13,17,7,7,-8,1
7,-11,-3,-7,52,18,-6,-3,1
-6,12,-4,3,-83,-25,2,0,1
-1,-12,7,26,41,4,3,-2,1
-1,0,0,-2,57,-5,-6,0,1
-1,-23,-11,-16,-84,-17,-2,-4,1
-13,-14,-3,4,39,6,-2,-6,1
9,36,3,2,-39,-12,-13,4,1
19,6,-1,-1,28,7,-2,2,1
-44,-7,-10,-8,-65,-12,2,-4,1
1,20,13,35,40,1,-10,-2,1
23,21,4,-27,14,1,-2,3,1
5,-1,2,-7,0,6,-2,0,1
-8,-24,-7,-18,-51,-7,-4,-1,1
-32,-20,-15,-7,10,-7,-5,-5,1
16,33,6,6,-76,4,12,0,1
7,8,3,-31,46,0,-8,4,1
-16,-30,5,17,-15,-14,-12,-8,1
17,10,-4,8,23,13,7,5,1
-14,-31,-11,-29,1,-5,-7,-7,1
-11,-7,-12,11,-45,0,7,-2,1
23,25,12,-5,22,-16,-21,-1,1
0,-12,4,11,25,18,23,6,1
-5,-6,-5,-18,15,-16,-19,-8,1
-22,-30,-9,-31,-95,-10,-5,-2,1
-5,1,5,0,18,8,7,2,1
14,11,4,33,28,0,-12,-2,1
17,18,6,2,39,12,15,6,1
-9,-8,-1,-9,-66,-14,-7,-5,1
0,-17,-4,31,62,5,6,0,1
-8,4,-12,-23,-36,-9,-13,-5,1
-21,1,7,13,-13,2,9,-4,1
5,-4,0,9,35,0,-14,-2,1
1,10,-10,-26,-57,-15,5,-2,1
2,-6,4,-3,37,10,6,3,1
19,5,-3,9,-35,-7,-9,0,1
-27,-22,-6,33,127,14,7,2,1
7,18,1,-13,-64,-13,-1,-2,1
-1,-11,1,10,-41,0,-4,0,1
-7,-27,-7,-17,41,6,-2,-1,1
-4,13,6,18,4,-2,4,-3,1
-7,-17,-12,13,30,1,-8,-2,1
-10,6,-1,-26,-61,-13,-3,-3,1
25,42,21,43,41,13,4,6,1
-2,-36,-22,-20,-38,-4,-1,-3,1
0,-18,4,16,36,8,6,3,1
-50,-43,-17,-15,13,-6,-3,-11,1
12,9,6,1,34,4,8,4,1
12,36,-6,-16,-48,4,2,3,1
-5,-34,-6,-7,-25,-1,-4,-2,1
31,2,8,-3,51,15,0,4,1
-42,-6,-3,14,-56,-14,-2,-9,1
7,9,4,-18,-2,-19,-11,-4,1
9,37,10,23,31,16,13,6,1
-6,-15,6,8,57,11,1,1,1
-22,-43,-20,-32,-54,-16,-11,-8,1
15,18,9,7,-35,0,7,6,1
-3,8,0,-20,-21,3,-6,-1,1
24,8,-2,4,37,-1,4,5,1
-2,1,1,19,-8,8,12,4,1
1,19,0,12,35,7,-4,-4,1
-10,-21,1,-30,0,-6,2,-1,1
26,32,13,36,-30,-9,-7,5,1
-13,-23,-11,-27,8,0,-3,-4,1
-16,-4,12,6,26,10,4,0,1
7,17,-2,7,30,11,17,4,1
-7,-11,-4,-14,-71,-13,-12,-6,1
8,1,2,2,-15,-7,-8,0,1
17,23,10,5,36,1,6,4,1
-10,9,0,7,-5,4,-4,-3,1
-2,11,0,-5,27,-1,-1,0,1
32,2,-11,-19,-6,5,7,2,1
-25,-47,-5,-18,-5,-4,-12,-4,1
-18,19,1,5,-51,-18,-6,-4,1
8,6,0,6,-24,-6,2,-2,1
9,4,3,9,-1,7,1,4,1
14,0,5,-13,20,1,-4,-3,1
-6,-2,-3,32,58,2,-2,1,1
-14,-5,-1,-12,-23,0,-8,-5,1
6,2,0,-16,-13,-10,1,1,1
0,0,-1,43,-14,8,7,4,1
5,-6,7,-11,39,-5,-13,-6,1
-11,-9,-13,-2,7,-5,-3,-1,1
-19,4,-1,-15,68,10,-7,-3,1
19,18,0,11,-63,-17,-5,2,1
9,-12,-7,4,21,7,4,4,1
17,21,-3,-4,-78,-9,-7,2,1
-27,-27,3,16,46,1,-5,-7,1
-5,-2,-11,-18,5,1,-4,-4,1
17,2,5,-14,-19,-1,-1,2,1
-20,-33,-4,-8,-15,-3,6,-2,1
-16,-31,-8,14,18,-1,-6,-2,1
22,33,7,4,-15,-5,0,3,1
-25,-34,-8,13,32,0,-6,-6,1
24,18,2,0,-16,4,23,6,1
9,22,9,12,-13,1,-1,3,1
-19,-8,6,-2,29,-2,-2,-7,1
6,-1,-17,-15,-61,-5,0,-4,1
-4,-13,0,12,105,7,-1,2,1
3,4,0,12,-74,-8,-4,-3,1
36,39,3,-10,19,2,8,6,1
-30,-25,-3,-2,-47,3,9,-2,1
-18,-12,-3,-1,47,-4,-15,-10,1
14,4,0,-16,-42,-12,-2,2,1
-12,-13,-5,7,1,-2,0,-4,1
16,24,13,47,82,16,0,6,1
-3,3,-6,-20,-43,-1,11,1,1
-6,6,3,-5,-13,-6,-5,-4,1
-10,-12,-7,-16,-20,-2,2,-2,1
14,4,5,15,34,11,6,3,1
-15,11,9,4,48,9,-6,-3,1
22,21,-5,-6,5,-7,-1,3,1
-23,-13,-19,-39,-109,-20,-5,-7,1
-1,8,7,-6,33,-1,-5,1,1
-4,-4,-7,-10,-48,-11,-7,-5,1
19,18,3,4,48,16,13,3,1
-25,-34,-7,19,67,13,4,3,1
-2,-6,-4,-34,-40,-9,-7,-5,1
-8,-6,0,14,17,-2,-6,-1,1
-8,-3,-1,-13,-5,1,2,-2,1
2,-19,5,27,16,5,-2,2,1
18,30,-10,-41,-61,-15,-7,-1,1
-16,-42,-7,-16,14,5,-5,-2,1
-5,-8,1,15,65,14,6,-1,1
-2,30,-4,2,-94,-24,-21,-3,1
-6,-31,-8,8,-46,-14,5,-4,1
21,27,8,1,-5,1,1,2,1
-17,-7,-6,-19,10,-2,-5,-2,1
8,-21,-4,18,54,10,12,2,1
-30,-26,-9,19,27,3,-2,-2,1
-1,11,3,14,10,10,6,0,1
3,4,-5,-27,-57,-7,-1,3,1
7,9,5,5,68,7,4,-1,1
9,7,5,-8,-98,-5,-3,2,1
-19,-29,-6,35,106,11,-3,-4,1
1,-13,-6,-18,-39,-2,8,4,1
2,19,2,-5,6,-7,-3,1,1
2,8,2,-4,22,2,-5,-2,1
5,7,-6,2,-9,-9,-6,-5,1
-8,-27,-2,17,-45,-3,-1,-1,1
3,-16,-2,17,44,13,6,4,1
13,45,5,-10,-5,-8,-3,2,1
4,1,6,15,60,11,0,-2,1
3,1,-8,-24,-71,-4,-1,2,1
-15,7,1,-20,-61,-15,-8,-6,1
11,9,2,3,31,9,13,3,1
16,13,-8,-28,-33,-2,5,5,1
1,-2,14,16,73,15,7,2,1
-2,-39,-8,0,-15,-7,-6,-2,1
-30,-23,-8,-25,-9,-6,-9,-7,1
8,6,-4,-28,-67,-6,8,1,1
6,-13,-4,24,38,2,-3,-4,1
23,1,12,18,23,3,4,9,1
-33,-54,-18,-20,41,2,0,-4,1
-8,-5,7,-6,-45,-7,3,-1,1
0,7,-2,14,33,3,-3,-2,1
-4,-7,-5,-1,37,18,1,-2,1
-9,-16,-13,-7,-58,-17,-13,-5,1
5,18,4,13,-38,-14,-7,-1,1
-8,-15,-3,-13,-22,4,6,-2,1
-5,-1,-8,22,59,1,-3,-2,1
22,28,11,32,-36,4,0,4,1
-18,-29,-11,-39,-7,-11,-8,-3,1
14,15,-2,1,14,-13,-7,-2,1
-6,5,7,6,-11,4,6,-1,1
8,17,2,4,78,18,10,3,1
23,21,5,4,0,-18,-29,-2,1
-41,-43,-20,-20,-32,-9,2,-6,1
8,19,7,-14,-16,7,8,2,1
7,14,3,8,22,-10,-7,0,1
-8,-22,-6,-22,-26,9,18,1,1
19,3,3,4,32,-4,-6,0,1
-41,-6,-11,-28,-90,-12,-7,-10,1
14,1,6,43,87,14,10,3,1
-2,15,-2,-16,-75,-1,-2,1,1
11,15,6,10,-6,-5,-9,1,1
-3,22,11,-6,18,4,10,4,1
3,-14,-2,-9,-16,-3,-4,-4,1
5,6,1,20,53,12,0,3,1
5,5,5,-4,-22,-7,-10,0,1
-20,-22,-14,-19,-27,-7,4,-5,1
-7,-7,6,0,-2,0,-3,-2,1
13,17,10,-16,32,12,8,6,1
6,9,-1,19,-64,-13,-9,-4,1
5,-10,-3,6,77,11,1,2,1
-8,-14,-4,-24,-54,-10,-4,-2,1
-11,-20,-4,27,32,5,9,-1,1
5,10,2,-7,-7,4,4,-3,1
21,23,5,1,-9,0,-4,1,1
10,0,-3,-6,5,-2,-1,2,1
-7,-3,-3,8,17,-9,-11,-3,1
-12,-23,-11,-22,11,7,3,0,1
4,1,5,22,21,1,3,1,1
-12,-6,5,-19,-16,3,-2,1,1
-7,-6,-4,-2,-23,-8,-3,-1,1
2,9,7,-7,18,0,8,2,1
1,-14,-6,-2,-8,-10,-13,-4,1
22,28,-3,-1,14,0,-3,0,1
-7,5,7,11,-16,2,6,-1,1
8,15,8,-1,46,7,-5,1,1
-13,-9,-2,4,-83,-18,-10,-5,1
4,12,6,20,8,-5,-4,-1,1
29,26,3,10,37,5,-1,1,1
-24,-55,-7,-13,-33,0,-3,-4,1
-6,-7,-1,-3,37,8,-1,-3,1
-13,-8,-3,-6,-17,-3,-9,-3,1
5,22,-5,-3,0,3,9,2,1
-26,3,0,18,-60,-10,-3,-6,1
14,11,4,-9,7,4,6,2,1
4,-1,1,13,-27,-2,-1,2,1
-22,-31,-8,-6,21,5,-1,-4,1
17,15,3,3,24,3,8,2,1
-14,-5,-13,-24,-10,-7,-10,-3,1
16,20,10,14,-14,4,6,2,1
-2,2,-6,3,-10,-8,-4,-5,1
9,3,-9,-50,-15,-1,0,-2,1
-33,-32,-4,25,8,-5,-7,-5,1
14,5,0,-27,53,9,6,0,1
0,-5,-7,-19,-85,-20,2,3,1
2,23,12,34,52,16,5,1,1
26,20,2,-15,-24,-4,-1,4,1
-22,-25,-18,-8,-22,-4,-4,-10,1
7,2,8,8,-22,-1,-6,1,1
-19,-19,-7,13,-12,-8,1,-3,1
19,5,9,14,81,12,9,4,1
-3,-8,-2,2,-33,-3,7,-1,1
-32,-33,-6,-25,-4,2,-6,-3,1
-3,-19,-9,-3,-22,-9,-5,-4,1
18,40,6,22,33,9,6,4,1
-11,-4,-6,-20,-49,-9,-8,-5,1
8,4,5,12,68,12,11,4,1
6,33,8,-3,13,-5,-6,-1,1
-15,-27,-7,9,-37,-5,-6,-4,1
12,19,-4,-15,-5,-7,-8,3,1
22,9,9,7,-7,1,-4,0,1
-31,-31,-12,6,28,8,5,-1,1
-16,9,-5,2,-10,0,-1,-4,1
7,21,3,-14,-1,-2,-1,2,1
8,-17,-4,-7,41,7,11,3,1
-2,12,-5,-1,-36,-11,-13,1,1
12,4,4,-31,-25,0,9,2,1
-19,-34,-4,3,9,11,8,-2,1
-15,5,-7,8,11,-14,-13,-7,1
27,28,12,23,83,14,-2,9,1
9,17,-2,-27,-62,-13,-2,-3,1
-29,1,7,25,-11,-9,-1,-4,1
24,37,10,12,17,10,6,-2,1
-12,-6,2,8,22,4,3,-3,1
8,-7,-2,2,28,-3,-4,-2,1
-1,0,-3,-9,-45,-2,-1,0,1
13,11,4,23,10,4,0,5,1
-20,-36,-16,-9,-25,1,-5,-8,1
32,26,11,8,42,0,1,4,1
-58,-60,-15,-10,18,0,8,-8,1
-5,14,1,6,-86,-15,-4,-2,1
27,30,1,-19,-33,-1,2,3,1
-23,-50,-13,20,56,1,-9,-4,1
19,22,12,-2,6,-6,-3,0,1
-12,-20,-11,-11,-8,-1,-1,-3,1
1,8,7,0,9,0,-11,-2,1
-2,9,-8,-11,10,7,6,-3,1
6,-5,-1,9,-8,-7,6,2,1
-25,-33,-12,-37,-19,-3,-5,-4,1
22,32,10,17,-10,1,-1,2,1
-8,-8,-3,-13,3,8,1,1,1
-7,-22,-7,3,12,-2,-2,-4,1
0,10,7,19,45,1,4,-1,1
-14,-15,-8,-26,-2,-2,-2,-4,1
-6,5,3,-14,-113,-20,-11,-6,1
19,13,-1,13,44,3,-7,0,1
-5,2,-9,-5,-25,-5,-11,-5,1
-8,-16,1,21,41,1,7,-1,1
-4,3,-5,-30,-56,-5,11,2,1
7,-2,1,12,-15,-2,-6,-1,1
19,30,6,3,59,5,0,4,1
-9,-29,1,6,-18,-3,-8,0,1
-16,-17,-8,-6,-35,-1,4,-2,1
1,-2,-12,-12,-14,-17,-6,-4,1
-1,17,9,4,7,9,0,4,1
13,28,8,3,4,-2,10,1,1
1,-4,6,-2,-9,7,-9,-1,1
2,-19,-2,13,50,-2,6,1,1
-7,-12,-3,-4,-16,6,0,1,1
2,19,-3,15,-2,-8,1,-2,1
12,15,1,7,3,-8,-8,-2,1
-11,-11,-6,19,-36,-1,-2,-2,1
-3,-2,-6,-14,-7,-3,12,0,1
-12,19,9,0,26,3,-2,-2,1
16,17,8,2,-13,5,12,3,1
10,23,0,-3,11,8,-3,2,1
-7,-11,4,11,82,1,-10,-3,1
7,-5,-6,-15,-70,-10,3,1,1
-9,-9,-9,-11,-28,-1,1,0,1
-8,14,3,-30,-14,-4,-2,-4,1
9,-11,-8,10,21,3,-6,-2,1
-15,-26,-11,7,21,5,9,-1,1
-3,-4,-4,-20,23,-6,-12,-2,1
-5,-6,7,29,24,7,16,0,1
-11,-13,-6,8,-36,-15,-17,-7,1
25,15,3,-19,9,12,9,2,1
-30,-23,-8,14,-20,-4,-3,-2,1
7,8,1,-3,43,4,-4,5,1
9,1,6,-16,-16,0,1,1,1
-4,-18,-7,-3,-51,-7,0,0,1
29,20,7,10,50,5,-4,2,1
-26,-22,0,-15,-44,4,-5,-4,1
-2,-12,-5,15,-16,-8,5,2,1
26,37,5,-3,32,-3,-4,0,1
-18,-38,-10,19,-15,3,-2,-3,1
16,13,3,7,7,-7,-11,1,1
-3,-6,-4,0,-7,5,4,0,1
-1,0,4,2,9,3,0,0,1
22,19,11,41,89,19,7,5,1
-16,-3,-7,-36,-64,-12,-9,-4,1
-3,-6,2,4,51,2,3,0,1
-9,-20,-4,8,41,2,1,-2,1
-17,-9,-11,-44,-104,-27,-20,-8,1
16,25,4,3,48,6,11,0,1
0,-14,-10,-21,8,3,1,-1,1
4,-3,9,4,-13,2,-2,3,1
3,18,-10,9,37,6,-3,-4,1
-13,-29,-8,-10,-16,2,0,-3,1
-11,2,2,3,-33,-8,-4,1,1
4,1,-6,-6,2,3,3,4,1
7,19,16,9,35,5,7,2,1
8,-22,-6,-2,-16,3,3,0,1
10,3,4,-2,-48,0,5,2,1
-42,-22,-9,3,53,-5,-9,-9,1
23,40,13,-4,-87,-9,-1,3,1
1,4,-1,12,39,1,5,-1,1
5,1,8,12,38,7,1,-2,1
-3,-9,-2,7,-12,7,2,-1,1
9,1,-10,-38,-36,-14,-4,2,1
-16,-1,-3,-25,27,2,5,1,1
0,5,-1,16,-17,-3,-4,-3,1
7,-15,-10,5,12,-3,-5,-1,1
-18,-38,-13,-23,17,-4,2,-6,1
5,20,9,7,-8,2,-2,3,1
3,-13,-6,-3,-7,2,-1,0,1
-8,-10,1,7,-11,0,2,2,1
-16,-11,-1,-3,-11,-3,-2,-4,1
5,19,6,6,22,-5,-7,-1,1
0,13,2,-3,-11,0,6,-4,1
16,11,3,3,3,5,-5,2,1
-16,-2,-5,1,5,2,-4,-4,1
18,13,1,-13,-10,-12,-1,4,1
-3,-7,-6,-21,-5,-7,-9,-3,1
-10,1,2,22,17,-2,4,-3,1
0,-11,2,-17,-42,-6,-14,-1,1
-2,8,-2,4,25,10,1,-1,1
1,8,6,-2,-1,3,10,2,1
23,13,3,1,-18,-3,0,-3,1
-13,-32,5,23,39,6,-4,2,1
1,11,-1,18,6,-8,-9,-3,1
3,-23,-8,-21,-42,-2,0,0,1
-16,-2,-2,-5,-17,-10,0,0,1
0,13,8,16,67,10,5,-1,1
1,-4,-6,-7,-18,-4,-1,-2,1
-17,-16,-5,2,2,-2,-11,-3,1
4,0,-2,-25,13,-6,-6,-2,1
-8,-19,-9,-11,-39,-5,7,-2,1
-7,-17,-5,-8,29,1,-9,-3,1
6,25,10,29,3,17,14,2,1
-12,-4,-2,-30,-16,-7,-12,-2,1
4,7,-3,0,33,-6,4,-1,1
17,18,6,12,-35,-5,5,4,1
-2,-12,-7,15,53,0,-13,-4,1
-8,-9,-5,-33,-107,-20,-17,-6,1
-2,-7,-4,5,35,3,4,0,1
-12,-18,-3,9,11,6,3,-3,1
14,32,5,-1,-1,2,9,4,1
-1,3,3,22,58,10,0,0,1
25,6,4,-5,-72,-1,3,4,1
-28,-32,-5,3,-23,-7,-9,-8,1
6,1,0,6,34,-1,0,4,1
-6,-23,1,3,20,6,4,-2,1
-5,-13,-4,-2,18,12,10,2,1
16,23,6,-3,-18,-1,-3,0,1
0,-5,-7,-12,-30,-6,-5,-4,1
-23,-43,-7,0,24,-7,-2,0,1
11,26,2,10,21,4,1,1,1
-4,-14,1,-23,-66,-4,7,0,1
2,20,9,10,60,7,-3,0,1
4,32,-5,-15,-62,-6,9,0,1
12,10,-4,1,19,-10,-20,-4,1
-14,-24,-8,5,11,3,6,-2,1
-19,-13,-2,-23,15,9,-4,-5,1
12,11,5,1,-61,1,15,2,1
-20,-15,-12,-16,-26,-9,-6,-5,1
18,17,8,19,34,11,2,4,1
-23,-10,-15,-18,-25,-10,-3,-6,1
6,11,6,5,32,5,-6,0,1
8,4,9,15,17,3,7,3,1
1,-4,-2,11,-17,7,2,2,1
27,23,9,1,16,-2,1,1,1
-12,-12,-6,-8,-12,-11,-6,-1,1
0,9,4,12,1,-7,3,-1,1
-16,-11,-8,-23,-21,-7,-11,-5,1
15,28,16,18,15,17,15,3,1
-1,15,-1,11,62,-3,5,0,1
-1,26,-1,-33,-24,-7,-6,-5,1
0,-23,-1,-8,-59,-10,-2,-5,1
-22,1,-10,-11,-46,-17,-15,-5,1
9,12,-3,12,38,9,4,4,1
-14,-25,-6,10,43,6,13,1,1
20,31,8,14,38,2,3,5,1
-18,-27,-11,-15,-21,-4,-5,-4,1
5,-4,1,20,-19,7,-3,3,1
1,8,1,-19,-33,-3,10,1,1
13,11,1,-3,-1,-3,-15,-1,1
-11,-9,-8,-1,-15,-12,4,-1,1
10,19,11,6,4,6,0,1,1
-2,-5,-4,3,20,10,3,2,1
-3,-13,4,9,62,-1,-10,-4,1
5,4,1,-21,19,4,-1,-2,1
-25,-4,-5,-20,-84,-12,2,-4,1
10,7,3,28,28,-6,-7,0,1
11,21,6,-6,0,14,16,6,1
-19,-30,-7,-4,15,-3,-9,-7,1
-5,-6,-5,3,3,3,-10,-4,1
10,2,1,8,11,6,6,2,1
-23,-12,-13,-7,47,-1,-1,-2,1
9,5,1,-7,-82,-10,-2,2,1
15,17,4,26,43,8,5,1,1
-14,-7,-2,-4,-19,-12,-14,-5,1
0,12,1,12,58,1,1,-1,1
10,5,4,-17,-61,0,11,5,1
14,11,4,3,30,5,4,3,1
-5,3,5,0,-75,-10,-4,-3,1
-7,-24,-6,2,51,8,-2,0,1
12,16,6,10,-7,-12,-2,2,1
9,4,7,1,7,6,4,4,1
-10,-6,-4,-13,-7,-2,-5,-3,1
8,7,4,-8,-17,-1,-1,-5,1
-26,-19,-10,18,49,10,-1,-3,1
-5,-9,-14,4,-80,-23,-8,-6,1
-3,-11,-2,18,38,8,-2,1,1
9,16,-5,-30,-66,-21,-15,-4,1
0,2,6,15,42,8,9,2,1
-3,-22,-5,-22,27,5,-3,-2,1
-3,-16,-5,14,46,7,-2,1,1
2,-5,-1,-11,-55,-9,-2,-1,1
-4,4,3,-5,-33,-11,-3,-2,1
-4,-7,6,-5,-2,-4,-6,-3,1
8,4,1,-5,-7,-10,-11,-2,1
-10,-11,0,42,99,27,16,4,1
21,19,5,4,-60,-12,-6,2,1
-19,-23,-15,-40,-24,-6,-6,-3,1
-2,5,0,-14,2,7,15,0,1
7,11,-1,4,-15,-8,2,-1,1
5,-15,1,8,42,-3,-7,-4,1
-13,-21,-8,4,-16,2,-3,-3,1
-2,10,0,-15,7,2,10,-2,1
-20,-23,-2,-10,-36,4,-2,2,1
1,16,0,9,6,-14,-13,-2,1
-4,-18,-8,-12,-1,1,2,0,1
14,14,9,18,71,3,-6,2,1
0,-17,1,-14,-97,-3,7,3,1
4,0,-3,0,25,0,1,1,1
-8,-12,1,-1,21,5,1,-3,1
-9,-1,-9,-1,-25,-8,-12,-4,1
10,9,-2,11,28,2,2,0,1
-6,-11,-6,-7,11,-1,-7,-2,1
-3,-15,-6,-13,35,15,17,1,1
10,4,4,3,-105,-19,-10,2,1
-14,-15,-2,6,20,-5,-9,-6,1
-1,3,0,-7,-20,-2,2,-2,1
17,37,-1,24,44,3,3,2,1
-14,-17,-2,8,23,9,-1,-2,1
6,10,-6,-38,-5,-11,-5,-1,1
21,15,8,8,6,11,11,7,1
-7,-6,4,-14,-31,-11,-13,-3,1
-1,16,-5,-14,-47,-1,7,1,1
6,1,3,-1,26,4,4,1,1
1,-2,2,6,18,5,-8,0,1
7,22,3,4,-25,-11,-8,1,1
2,-2,-1,-10,-1,-3,-11,-1,1
-11,9,-6,-6,15,-7,0,-6,1
-16,-8,-2,-17,-42,5,6,-2,1
20,0,1,5,10,-7,-3,1,1
3,-9,0,19,62,11,2,2,1
-21,-1,-4,-35,-90,-15,-18,-7,1
-7,-18,-4,-4,33,-4,16,-1,1
17,14,-1,-20,28,11,2,2,1
-20,-40,-12,14,-13,2,15,1,1
7,1,3,15,12,2,-2,5,1
2,-6,-2,18,15,-11,-20,-4,1
-5,-6,6,-6,-39,-1,4,-2,1
-3,8,10,10,23,8,-2,-1,1
16,4,-8,2,-8,0,3,1,1
-48,-62,-8,2,7,1,-8,-8,1
26,23,0,16,-22,-13,-7,2,1
-17,0,-3,-14,2,3,12,-3,1
5,2,4,4,-23,4,12,-2,1
15,23,-8,-7,56,3,0,0,1
5,-1,0,11,-29,6,3,2,1
-31,-24,-9,-41,-47,-1,3,-4,1
6,25,8,10,23,-15,-11,-3,1
11,5,-4,-8,-19,-4,4,5,1
-17,0,-3,14,73,15,7,-1,1
21,19,10,6,-33,-2,-5,2,1
15,19,-5,-12,-3,-1,-4,1,1
2,-3,1,-19,-13,-3,-2,-7,1
-31,-47,-11,-4,-17,-16,-7,-5,1
16,15,2,29,63,18,1,2,1
6,-9,3,23,30,6,1,2,1
-9,-18,-7,-4,-41,-1,-1,-2,1
-3,-10,4,-26,11,-2,3,-3,1
-1,3,-2,18,-32,-12,-18,-4,1
-4,-24,-1,-1,-18,-3,3,-1,1
-16,-13,0,5,15,6,1,-2,1
3,7,4,6,93,13,4,1,1
-5,-2,-10,-12,-96,-6,-3,1,1
12,18,8,-14,6,-4,6,1,1
-20,3,-5,29,79,2,-3,-3,1
0,8,1,-24,-66,-21,-7,-1,1
20,15,4,13,33,3,-2,-2,1
-19,-33,-16,-22,-7,10,6,-3,1
10,12,1,-20,3,-1,-10,3,1
2,17,10,37,-1,4,5,2,1
24,17,-3,-1,15,-2,2,4,1
-40,-21,-4,11,-9,-1,-4,-6,1
0,-19,-3,-9,-10,-5,-14,-3,1
10,6,-6,-2,-22,2,6,3,1
12,1,4,-11,-4,-3,0,-1,1
5,3,4,0,20,-5,-7,-2,1
5,13,4,7,-44,4,10,3,1
-17,-32,-11,3,-21,-9,-20,-6,1
-1,14,5,-30,27,-5,6,0,1
7,6,-2,26,35,3,4,1,1
14,-2,1,-27,-64,-4,2,-1,1
-32,-7,-3,-8,14,1,-6,-3,1
-1,6,3,36,37,12,4,2,1
-8,-13,-5,-3,-6,-8,-11,-6,1
41,24,12,25,25,0,7,5,1
-31,-54,-23,-29,-41,0,-5,-4,1
9,14,15,7,86,5,4,4,1
-13,16,-4,-2,-92,-10,-7,-6,1
3,4,-12,-11,46,-5,1,-3,1
25,45,5,6,-56,1,5,3,1
-30,-36,-16,-17,5,-10,-10,-8,1
11,-3,-4,-36,-62,-6,-5,-1,1
-2,7,5,24,17,-1,6,1,1
29,29,10,15,53,8,5,0,1
-29,-63,-22,-12,31,10,5,0,1
-8,9,-1,16,-20,0,-2,-1,1
-25,-20,2,-22,-72,-12,-12,-4,1
16,1,1,3,19,-2,8,4,1
11,5,-6,-16,-47,-14,1,-5,1
2,0,-1,16,127,24,3,3,1
-15,-3,-7,-4,-95,-13,-8,-5,1
-7,-11,4,13,43,0,5,-4,1
11,20,5,-12,-53,-13,-4,2,1
4,11,1,21,87,14,9,3,1
-2,6,-1,-11,-20,1,4,1,1
-15,-7,-5,-1,-17,-2,-4,-6,1
9,22,12,20,10,1,1,2,1
-10,-22,-2,15,21,-2,-9,-5,1
0,-2,-4,29,6,2,-3,0,1
8,12,-1,-50,-50,-3,2,0,1
-30,-31,-5,7,38,1,-7,-8,1
7,-9,5,-8,-60,-1,6,6,1
0,12,-9,-10,91,16,8,1,1
-5,0,5,17,-35,-8,-4,2,1
-8,-16,-24,-51,-96,-18,-6,-5,1
9,13,4,22,37,8,-2,1,1
0,16,4,7,-60,-14,-1,1,1
-11,-21,-9,5,59,6,3,1,1
17,21,16,14,58,4,-1,2,1
-4,-14,-7,-31,-102,-13,3,1,1
-3,2,-8,-1,26,0,-7,-1,1
12,20,8,15,23,2,0,0,1
-8,-7,3,4,-21,-2,6,3,1
1,-9,-3,0,24,6,0,-1,1
4,4,8,-3,30,8,8,-2,1
9,-6,-10,-14,-16,-15,-11,-1,1
-16,-13,-10,-34,-88,-12,-3,-6,1
14,30,5,13,14,1,1,1,1
-7,-15,-8,-32,-6,2,1,0,1
1,2,9,31,34,8,-8,-4,1
17,8,0,8,55,3,8,1,1
7,15,9,-15,-9,-1,-4,3,1
-1,-14,-7,-3,-52,-2,2,0,1
-32,-29,-15,-32,-49,-13,-9,-9,1
13,8,6,27,47,6,-5,-1,1
-7,2,-3,-2,14,7,6,0,1
5,28,7,1,29,-1,1,1,1
1,-8,5,-2,6,0,-3,-1,1
-3,-10,-18,-4,-22,11,10,2,1
-11,-7,4,10,45,0,-2,0,1
8,1,11,11,-40,8,7,2,1
3,10,-3,30,0,-18,-10,1,1
17,39,7,-23,-9,0,-5,1,1
-11,-16,-10,4,20,-1,-6,-6,1
3,-3,-6,-1,-5,2,13,2,1
14,16,11,6,-12,10,10,5,1
-16,-6,2,20,12,-1,-13,-2,1
-25,-48,-18,-19,-41,-4,10,-3,1
0,7,0,0,48,3,-9,-2,1
-8,-7,-4,-4,-5,-1,-3,-3,1
8,1,-2,19,24,9,2,1,1
-12,-9,7,-36,-18,-17,-4,-4,1
-3,-4,-3,-7,49,0,-5,-3,1
7,4,-5,-11,-86,-2,0,4,1
-17,-23,-4,-15,-5,-12,-2,-4,1
11,58,0,5,-16,-7,-10,-2,1
-10,-40,-5,19,31,0,-7,-5,1
7,11,2,-22,5,2,6,-1,1
6,-6,-1,-11,-59,-5,10,2,1
-1,6,1,12,21,6,-12,-2,1
30,29,3,-18,-28,-7,-4,5,1
-51,-58,-18,0,30,3,-5,-12,1
10,10,-1,-13,-15,-1,-1,0,1
-2,-15,-3,-24,-22,-3,5,0,1
10,17,11,50,40,2,-6,0,1
1,16,-4,-37,-47,-7,-4,2,1
-11,7,6,21,36,-2,-5,-2,1
21,5,3,7,-8,3,3,3,1
-34,-49,-11,-24,-26,-9,-4,-6,1
17,30,7,17,34,6,-3,3,1
-6,-11,7,14,3,1,2,1,1
-18,-10,-7,0,12,-10,-15,-7,1
7,17,-1,1,-27,6,6,1,1
8,-1,4,-10,-14,-1,-3,-2,1
-4,4,8,-6,-16,-7,1,0,1
-1,-9,-4,22,19,-1,-7,-1,1
-7,-21,-3,-14,-28,-5,-6,-5,1
0,4,5,3,24,11,15,7,1
9,-5,2,5,20,6,-2,0,1
4,4,-1,11,-26,-1,6,0,1
-6,28,1,-10,22,5,-4,-2,1
4,0,-14,-15,-35,-5,-1,2,1
6,8,2,-8,7,4,0,-1,1
6,0,8,15,-17,1,9,5,1
13,6,3,-3,48,5,0,1,1
-21,-23,-10,-3,12,0,3,-5,1
17,27,-2,-12,-40,-16,-20,-3,1
-15,-30,1,-11,14,5,12,0,1
6,10,1,6,0,3,3,1,1
-6,40,7,18,77,-2,-11,-4,1
-1,-13,-11,-18,-97,-11,-7,-5,1
1,4,1,14,40,-3,-2,-1,1
8,20,12,-3,-24,0,4,2,1
11,-14,0,-3,41,7,-2,-1,1
-27,-16,-12,26,25,4,-2,-2,1
7,15,0,-32,-89,-18,-5,-3,1
0,-2,13,26,0,-4,-1,4,1
4,-13,1,12,-1,-4,-3,-3,1
2,-2,1,3,35,8,7,2,1
-12,9,1,25,30,6,0,3,1
-24,-31,-13,-4,-69,-11,-12,-3,1
11,19,8,2,9,4,8,2,1
3,2,5,3,4,5,2,1,1
7,-2,-6,-3,57,12,1,-1,1
6,13,-5,-15,-31,-24,-11,-5,1
-6,-3,-5,-12,-3,2,2,-2,1
-19,-32,-8,-3,13,4,4,-7,1
22,23,13,28,66,16,10,6,1
-19,-31,-17,-21,-65,-7,3,-4,1
5,20,2,-7,-51,-15,-5,-2,1
4,-1,-8,-25,4,-9,-2,-1,1
8,12,4,-1,50,10,-4,-1,1
-4,-2,-5,34,22,17,15,-2,1
4,3,1,-13,-99,-12,-13,-1,1
-3,-6,6,14,40,-2,0,0,1
-6,-9,-2,-34,-40,-14,-14,-4,1
20,30,11,23,63,3,1,5,1
-31,-53,-14,5,-32,-1,0,-5,1
15,19,9,-9,-6,-2,-1,4,1
-12,-10,-6,-7,-25,0,0,-5,1
7,0,5,-14,30,7,-4,-1,1
1,16,10,32,90,12,3,2,1
-11,-15,-13,-41,-48,-3,4,-3,1
-18,-39,-8,-3,-69,-27,-1,-4,1
3,4,-2,-20,-4,0,5,3,1
14,-1,1,4,32,4,0,0,1
-11,-26,-6,3,63,-1,-15,-5,1
-8,-8,-14,-12,-108,0,-1,-3,1
6,-4,5,3,33,1,-7,2,1
-19,-33,-11,5,13,0,10,-5,1
7,16,5,4,18,-1,-5,-2,1
1,2,-2,2,47,6,-3,2,1
-10,-17,-9,-45,-81,-22,-3,-8,1
-31,-11,-10,12,-19,1,1,-3,1
0,14,9,1,30,-1,-3,2,1
15,12,4,32,35,7,2,3,1
9,5,0,0,-21,7,-1,2,1
17,-1,4,-21,16,-1,8,3,1
-37,-33,-11,14,-5,6,5,-7,1
-9,4,-8,-17,-1,6,6,-1,1
17,18,17,43,57,5,1,0,1
-5,-20,-15,-37,-91,-19,-6,-5,1
9,4,4,-5,-6,3,3,4,1
21,32,13,28,-2,-1,-8,1,1
-35,-58,-22,-33,16,2,13,-4,1
1,29,6,7,34,0,-13,0,1
8,9,1,5,-52,-11,0,2,1
18,16,9,3,32,6,7,1,1
-24,-26,-5,8,-5,0,-14,-2,1
7,15,9,-4,28,3,5,1,1
7,21,0,-1,24,5,9,3,1
-1,-17,-5,4,-33,-4,-2,-1,1
5,10,6,4,-34,-3,-5,0,1
8,-6,-1,7,36,0,14,0,1
-9,0,-1,15,-1,4,-1,1,1
6,3,-5,-13,-11,-10,-8,-4,1
-19,8,-10,-27,-40,-7,-2,-5,1
24,31,22,25,8,1,-8,0,1
-31,-46,-18,12,46,7,7,-4,1
7,7,-2,-28,-17,-4,1,-1,1
-21,-25,-8,15,22,2,-5,-5,1
17,6,-3,7,-18,-4,-1,4,1
-6,-13,-3,5,11,-1,-10,-2,1
-7,12,7,2,15,1,11,1,1
11,14,0,0,0,-8,-7,-1,1
-3,-18,0,18,25,11,8,-2,1
-3,-9,-6,-15,21,-1,-6,-5,1
-6,-10,-7,-11,-48,-5,2,3,1
10,-1,4,-10,34,3,-3,3,1
-6,-18,-4,-14,-43,-7,-7,1,1
-1,21,2,-3,-53,-9,-1,0,1
-12,-13,-2,-2,32,-5,0,-4,1
11,13,-2,23,30,10,7,2,1
-7,11,2,2,27,9,3,-1,1
20,13,6,-6,-32,-9,3,1,1
-9,-13,1,-11,13,2,-7,0,1
-10,-10,-6,6,-13,-1,12,3,1
2,16,2,-13,11,3,-3,1,1
22,38,12,7,10,3,3,5,1
-11,-6,-6,-28,-57,-10,-2,-5,1
16,2,9,6,4,-1,-2,1,1
-6,-11,-4,5,-10,-1,1,1,1
-11,-14,-5,4,4,5,2,-2,1
7,10,2,9,78,12,5,3,1
7,1,-2,17,-34,5,-3,-1,1
-13,-3,-5,-31,-48,-13,-7,-3,1
-10,-18,-1,12,-5,-8,-6,-7,1
7,16,-1,4,-27,-4,-4,-1,1
-4,-13,2,25,31,7,2,-1,1
1,8,-6,10,2,-9,-8,0,1
24,13,2,-1,34,5,-1,5,1
-23,-52,-13,-16,-55,-2,-2,-6,1
5,31,5,-19,-8,-4,2,0,1
5,-16,-5,-9,8,0,-9,-2,1
-23,-20,-7,-7,0,-4,1,-3,1
2,-12,-8,-1,-37,-4,-7,-2,1
0,-2,-4,7,42,11,9,4,1
-13,-11,-4,-1,17,5,1,3,1
6,-2,-3,2,43,-1,-8,-2,1
4,9,1,-22,-45,-7,9,4,1
-23,12,-5,-22,-16,-16,-20,-6,1
7,-3,-5,15,13,5,6,-2,1
19,23,10,9,40,6,-4,0,1
-8,11,-2,-17,-52,-4,-3,-1,1
5,-9,2,-7,4,-4,-4,-2,1
3,9,2,16,12,8,6,-1,1
-8,4,-9,-18,-66,-9,-1,-1,1
32,25,18,27,57,8,1,2,1
-3,-21,-5,-27,-41,-10,14,-1,1
-15,-31,-6,-7,46,9,-6,-3,1
10,19,3,0,-51,-5,-1,0,1
-15,-31,-4,24,44,1,5,-1,1
6,7,-3,-5,4,4,-6,-2,1
3,6,8,-11,-7,-2,-9,-1,1
-19,-16,-10,-12,45,9,7,1,1
5,11,7,-18,-74,-13,-7,0,1
-1,5,0,-13,3,6,0,-2,1
0,3,-7,-13,-29,-5,0,-4,1
24,21,6,-1,3,-6,1,3,1
-24,-8,2,28,104,22,-6,-1,1
4,5,-6,-19,-23,0,15,2,1
22,35,13,-1,-99,-15,-5,0,1
-1,-1,-1,-5,-26,-1,4,3,1
-7,-14,-2,10,32,-8,-7,-4,1
17,7,7,19,18,9,4,3,1
-7,-10,-4,3,61,9,5,2,1
-11,-13,-2,4,-44,-8,-5,-6,1
14,24,1,11,25,5,1,-2,1
-17,-33,-8,3,-9,-2,-9,-2,1
3,23,4,10,29,-1,4,-1,1
-30,-55,-21,-25,-64,-12,-24,-5,1
14,10,-2,-3,19,0,11,4,1
24,32,9,18,20,2,1,3,1
-40,-53,-16,3,34,4,-5,-4,1
23,33,3,-21,2,11,15,4,1
-24,-57,-20,9,-9,-2,-5,-7,1
-1,-3,-6,-5,-3,-11,-6,-2,1
24,22,2,-19,-60,-9,2,5,1
-28,-20,-5,2,34,4,0,-7,1
24,23,10,-15,-5,5,-1,6,1
-35,-63,-16,6,16,3,4,-6,1
9,16,1,25,9,-5,0,1,1
5,-12,0,21,4,-4,2,0,1
-5,2,0,-16,-40,-6,-8,-5,1
3,26,14,24,46,10,9,1,1
-5,-9,-8,-19,-4,-1,-4,1,1
12,9,16,22,26,-2,-4,-1,1
-19,1,-4,16,-22,-8,-4,-2,1
-5,20,-7,-26,-42,-10,-11,-7,1
3,-9,-4,-15,-28,-12,-6,-3,1
-12,2,1,1,27,17,14,0,1
5,-4,-2,0,-16,-12,-6,-2,1
-7,4,-5,21,22,-5,-14,-1,1
3,17,17,-19,-39,-1,5,-1,1
3,-14,-6,-6,10,1,-11,-1,1
4,-1,-5,-2,21,10,11,1,1
-2,6,1,-20,-58,-2,0,1,1
3,1,-1,7,20,-1,1,-2,1
25,5,6,20,32,-4,-5,4,1
-39,-55,-19,-24,-30,-3,-3,-6,1
-7,-12,-4,0,57,-3,-5,-5,1
-3,5,-2,-7,-44,-3,-5,-2,1
18,3,3,-9,-16,-2,9,2,1
-15,0,-5,1,5,-1,-6,-2,1
4,13,7,21,12,1,-4,-2,1
-1,-4,-3,-1,16,0,8,3,1
-9,-14,-4,-2,-1,5,3,-4,1
37,51,15,9,-4,-4,-6,3,1
-43,-61,-10,11,-20,1,2,-5,1
-2,18,1,-11,52,12,-2,-1,1
5,22,4,10,-7,-7,4,2,1
2,3,2,-16,-33,-7,0,-2,1
-4,-9,-4,-10,0,-7,-9,-1,1
2,5,2,14,-11,6,20,4,1
1,-10,0,12,26,8,-2,1,1
10,11,4,-19,9,-7,0,0,1
4,8,-7,-9,-15,-7,-3,-3,1
-5,1,-1,10,25,-1,-10,-3,1
-18,0,-3,-7,-19,-6,-6,-4,1
14,26,5,13,20,11,7,4,1
-1,-23,-2,14,-2,2,3,0,1
-6,-17,-3,-9,-14,-2,-4,-3,1
5,9,2,2,-35,-8,-6,2,1
2,5,-3,9,2,-2,-2,-1,1
-11,0,0,-3,-8,2,3,-5,1
13,22,2,-5,-39,-4,3,3,1
-6,-16,-6,-3,7,-4,-14,-2,1
-25,-6,-4,7,70,18,18,-1,1
24,14,3,3,-57,-9,-2,3,1
1,-2,-1,9,17,7,-1,1,1
19,18,-2,-21,-3,-3,-2,-1,1
-29,-56,-5,10,-37,-23,-24,-9,1
15,21,9,-5,47,25,17,9,1
-8,-19,-6,-5,-19,-13,-3,-7,1
11,23,2,21,18,8,6,3,1
19,20,5,1,-11,-6,-8,-1,1
3,-3,-2,-2,31,-6,-2,-5,1
-7,-24,-3,14,6,-1,-8,-2,1
-14,-24,-9,-9,22,10,5,0,1
7,22,5,3,-8,4,0,2,1
16,23,2,-13,-34,-3,-5,2,1
-8,-23,-3,4,8,3,-1,-2,1
-17,9,-3,-16,-20,-13,-3,-7,1
-1,-4,6,6,6,11,10,4,1
-2,4,-3,-15,-9,-5,-6,-1,1
21,22,2,6,36,10,9,6,1
-10,7,1,6,-38,-13,-3,-4,1
-8,-59,-20,-19,-11,-5,-5,-5,1
-18,4,-2,10,33,2,-2,-2,1
0,16,8,14,18,4,1,-3,1
0,-7,-3,-7,-54,1,12,1,1
30,46,9,3,35,0,-6,6,1
-12,-18,0,-8,64,6,-1,-4,1
-14,-26,-10,-5,10,1,-2,1,1
0,13,2,6,-95,-2,8,1,1
0,-6,2,1,3,-1,0,-1,1
5,17,5,-8,-24,-5,-2,2,1
-1,13,-2,6,27,0,-1,0,1
0,7,10,6,38,1,-16,-2,1
-20,-6,-2,-3,19,8,11,-3,1
14,7,2,-5,-40,-17,-11,-1,1
-6,-22,-7,-7,-27,-2,-3,-4,1
-6,-10,-1,4,-3,-8,-13,-1,1
13,22,0,7,1,6,5,-1,1
-17,3,-1,-10,-13,-8,-3,-1,1
23,10,10,5,-13,2,5,2,1
-34,-55,-18,-2,84,6,-1,-10,1
8,11,2,-13,-91,0,5,8,1
5,-5,-2,24,-25,-6,2,-1,1
-1,6,-4,-11,-36,-14,-10,0,1
-5,8,7,-25,17,5,4,0,1
16,9,5,17,38,-3,-10,-1,1
-33,-53,-12,-11,26,11,-1,-4,1
-17,21,0,6,-21,-12,-4,-2,1
11,22,-5,-38,-12,-10,-9,-4,1
-18,-21,-12,5,1,-5,4,-4,1
12,14,5,-17,-12,5,2,2,1
2,8,7,16,41,3,-6,-2,1
-2,-9,-1,5,-6,0,8,-1,1
-5,-22,-5,-17,3,7,0,1,1
21,19,-7,7,23,-1,1,3,1
-6,-28,-8,-24,-82,-12,-6,-3,1
-27,-24,-2,27,75,8,-1,-3,1
-13,-4,-1,-20,-46,-17,-13,-6,1
18,13,9,30,54,12,8,2,1
-10,-22,-11,-6,79,7,-3,-7,1
10,18,-2,-16,-106,-10,0,2,1
-2,-7,5,17,12,1,5,0,1
-11,-16,-4,-6,-32,-6,-1,-4,1
18,26,2,-13,20,3,-3,1,1
-2,-41,-15,5,21,3,0,2,1
-6,3,3,0,-30,-10,-2,-5,1
4,17,-2,-11,-49,-2,-9,-3,1
15,4,7,14,-16,3,11,4,1
-22,-27,-14,8,51,1,-5,-3,1
8,18,1,-13,-15,-4,-5,-4,1
0,-26,-3,5,63,2,5,-3,1
0,-10,-5,-7,-52,-2,-3,1,1
-3,6,-2,-9,13,3,1,0,1
7,20,9,26,68,19,7,5,1
-9,-2,4,-13,-12,-5,-3,1,1
-6,-9,-3,9,31,2,4,-2,1
10,14,0,-7,-40,-7,-3,1,1
-3,2,0,0,36,2,0,1,1
22,20,8,21,-4,3,2,4,1
-30,-10,-9,-21,23,-6,-9,-4,1
12,7,5,7,-108,-9,8,2,1
2,-7,-7,-5,21,6,1,1,1
11,23,2,-2,11,-3,-8,3,1
-9,5,-2,-6,2,-3,0,-3,1
19,18,10,31,31,8,-2,-1,1
-15,-37,-13,-2,22,6,4,-3,1
10,36,2,-13,-13,-13,-10,0,1
3,1,4,-10,-30,0,1,3,1
-17,-12,-7,-38,-9,-7,1,-2,1
22,26,5,13,-3,-5,-3,0,1
-20,-43,-13,5,7,7,-4,-5,1
-5,-17,-4,8,20,4,5,-3,1
17,16,12,17,76,0,-9,0,1
0,-15,-8,-48,-55,-13,-1,-1,1
-24,-8,-4,-12,-78,-17,-1,-4,1
2,9,6,24,-1,3,4,2,1
7,10,1,-2,27,8,-1,0,1
3,9,4,19,24,2,-10,3,1
11,21,-7,-15,53,8,6,2,1
-22,-35,4,-1,-61,-8,0,-9,1
16,26,10,16,54,7,5,6,1
0,-2,-1,-10,-78,-15,-13,-3,1
-9,-27,-4,-22,-1,-2,-1,-2,1
4,29,-3,-7,20,-1,6,1,1
-3,1,0,7,10,0,7,-1,1
-3,-8,-1,13,-5,-1,8,-4,1
-9,-16,1,30,43,8,-6,-1,1
10,30,0,-28,-74,-13,-9,0,1
-16,-43,-2,25,21,4,-4,-1,1
3,9,-7,-20,1,7,7,4,1
20,14,13,0,-24,-6,8,-1,1
1,-22,-1,16,34,-1,-10,1,1
-27,-5,-11,-18,-40,-2,5,-5,1
8,18,7,12,14,1,-2,2,1
9,1,-8,-12,5,6,6,1,1
10,5,-1,0,-1,-1,-8,3,1
-11,-8,-9,-23,19,6,1,-5,1
1,-6,4,22,31,6,-5,-2,1
-15,-23,-4,-18,-29,-12,4,-2,1
12,18,-4,4,36,10,2,1,1
28,43,10,-5,-33,-15,-9,0,1
-34,-45,-12,11,44,8,3,-5,1
-1,1,-6,-27,-101,-18,-12,-2,1
13,12,9,15,81,2,-1,2,1
22,-3,1,-4,-72,0,-5,1,1
-20,-23,-5,-4,21,1,12,-4,1
-4,-26,-11,2,6,-1,-4,1,1
-8,-1,0,10,-31,-3,3,-2,1
12,24,8,7,53,2,-1,3,1
10,14,0,-32,-73,-7,-3,-2,1
-15,-14,-1,21,31,5,-2,-1,1
-10,-15,-8,-33,-31,-12,-3,-2,1
2,2,-2,1,-19,-3,3,-2,1
8,-1,-4,2,10,-2,-5,2,1
6,20,15,0,52,7,12,-1,1
20,7,-4,0,-53,-6,-3,2,1
-21,-54,-12,-3,-6,-3,-3,-3,1
8,27,5,-7,32,6,4,3,1
-9,8,-7,4,-21,1,-9,-3,1
-8,-19,3,0,-3,-7,1,-4,1
4,2,-2,-14,10,4,-2,2,1
12,15,1,-22,-31,-4,-1,-2,1
-14,-14,-1,29,12,2,-6,-4,1
4,15,-6,-16,89,8,1,2,1
-13,3,0,-4,-108,-3,1,-3,1
-5,18,7,8,31,-5,-7,-1,1
4,5,5,-6,-11,-3,-3,-4,1
16,12,7,32,17,10,15,7,1
-9,-34,-10,-19,81,10,6,-4,1
-9,-5,-14,-18,-71,-9,-5,-4,1
-6,1,-2,-5,-41,-16,-8,-4,1
-3,-12,2,14,16,-1,-11,-1,1
25,23,12,24,27,3,-1,3,1
-21,-16,-13,-1,-6,-4,-1,-4,1
-6,-26,-2,-23,9,-1,1,-3,1
-16,-10,-2,-11,-25,3,9,1,1
18,42,9,6,34,-1,-3,3,1
-27,-50,-8,-13,-31,-12,-8,-5,1
22,42,3,4,-12,6,1,3,1
-11,-12,4,-17,-33,1,7,-3,1
-2,-3,1,5,26,2,-6,-1,1
4,10,3,25,-5,-9,-9,-3,1
10,-3,-11,-25,-6,-2,10,2,1
-16,-28,-6,10,26,5,-9,-9,1
2,-7,-7,-12,-57,-10,2,2,1
-4,6,9,14,39,6,1,0,1
-8,-3,5,37,41,10,7,2,1
-3,-5,-4,-22,52,4,-8,-4,1
0,25,-10,-29,-75,-5,2,1,1
7,7,11,12,81,6,4,1,1
4,-1,-9,-20,-97,-15,-17,-1,1
-4,-2,3,19,27,2,9,0,1
-16,10,-6,14,-6,-8,-7,-6,1
14,10,0,-13,19,5,-2,2,1
9,21,5,18,40,13,17,2,1
16,-8,1,0,3,12,5,3,1
-20,-29,-7,-5,-20,-18,-19,-5,1
4,-11,-7,-1,-32,-5,3,1,1
5,-7,9,29,48,10,4,1,1
-19,-13,-10,-23,-41,-13,-8,-5,1
-2,4,0,-8,34,4,0,0,1
3,3,2,-7,-12,-3,-6,-2,1
11,-6,2,4,8,-3,2,-3,1
-5,11,-2,-12,-29,-19,-14,-4,1
-3,5,1,22,30,5,4,-1,1
-1,8,0,-1,-38,-1,1,1,1
-8,-26,-5,0,21,0,-9,1,1
10,29,-1,8,-4,1,-7,-3,1
-13,-18,-6,-24,-31,-9,0,-5,1
16,27,4,-1,-4,-4,8,0,1
-9,-10,-4,1,69,-3,-3,-2,1
-28,-19,-16,-17,-108,-15,-8,-5,1
35,21,10,16,46,7,-2,4,1
-22,-34,1,7,36,4,-1,-6,1
-22,-18,-18,-12,-22,-4,-1,-4,1
17,16,10,5,84,21,22,7,1
3,5,-1,11,-88,-12,-6,-3,1
-1,-2,1,-5,-12,1,0,1,1
3,26,5,-6,20,10,6,-1,1
3,-23,2,12,-1,-10,-12,1,1
7,28,-1,-10,12,8,2,2,1
-25,-25,-12,10,8,0,0,-4,1
3,8,13,33,62,5,4,1,1
12,14,3,-31,-58,0,1,1,1
-30,-38,-11,-38,-61,-21,-11,-6,1
1,13,2,2,1,1,4,-2,1
20,8,2,1,14,0,-5,1,1
-33,-21,-5,11,-5,-11,-12,-4,1
12,7,11,27,61,14,17,7,1
9,15,-7,-29,-15,-4,-14,-2,1
-10,-13,-2,-22,-72,-11,-3,1,1
24,33,9,7,2,6,8,3,1
-7,-20,-2,10,22,4,0,-3,1
4,-21,-3,16,21,-1,-5,0,1
1,11,-3,-11,-19,-5,-6,-5,1
-10,-19,-2,10,48,9,-1,-4,1
6,0,0,-18,-25,-5,-5,1,1
13,24,10,-4,-73,-11,12,2,1
-20,-14,-2,3,55,3,-5,-3,1
21,21,-1,26,-19,-1,2,2,1
-34,-37,-6,-19,51,9,8,-5,1
11,6,-15,-1,5,2,-5,3,1
0,1,12,11,-55,-1,1,1,1
26,33,3,5,37,1,0,4,1
-8,-39,-2,15,29,6,2,0,1
-19,-4,-4,3,-1,7,5,0,1
11,13,1,2,-1,-12,-7,-1,1
-6,-15,-9,-32,-29,-5,-5,-5,1
-13,-15,-4,16,-19,-6,-3,-3,1
5,9,5,3,13,7,12,3,1
-16,-33,-14,-13,-24,-8,-11,-5,1
-4,17,6,-2,-8,-4,11,1,1
18,25,7,29,28,6,-3,2,1
-2,-11,-9,-29,65,3,-5,0,1
-4,-1,0,-2,-44,-7,2,-2,1
4,-12,-5,-20,-19,-10,-7,1,1
-16,-3,1,39,53,11,8,-3,1
10,0,9,16,42,-3,-12,0,1
-1,-1,-13,-11,-63,-6,-1,-4,1
-11,-28,4,13,-9,-2,-2,0,1
11,20,-1,-21,27,2,-2,4,1
-7,11,1,0,-22,6,10,0,1
-7,-3,-4,-8,22,0,0,-3,1
5,21,3,27,42,8,-2,3,1
15,13,6,-22,-31,-10,0,2,1
-12,-19,-5,9,-70,-11,-7,-2,1
8,10,2,-33,-20,0,3,2,1
-6,0,-5,12,97,3,-2,-3,1
19,29,7,-11,-47,-4,-6,-3,1
-10,-24,-5,18,-10,-9,-5,0,1
10,19,4,30,58,10,-8,-4,1
-21,-27,-11,-22,-43,-10,6,-6,1
-14,-18,5,12,40,-2,-2,-2,1
8,4,-4,-34,-40,-6,-9,-1,1
-1,-8,-5,1,19,8,13,2,1
-7,9,-2,14,31,13,-10,0,1
11,4,0,-4,-51,-5,1,1,1
6,-1,2,2,29,0,7,-3,1
-11,-13,-5,-9,-7,-7,-7,2,1
6,-7,1,-9,-40,-7,0,-2,1
5,3,7,8,23,10,6,4,1
-5,-16,-13,-21,11,4,-7,-5,1
-7,-11,-1,-3,17,5,9,1,1
-3,4,4,10,-43,-3,2,-1,1
-10,-15,-2,1,-5,-5,-4,-3,1
7,5,2,-6,20,4,3,2,1
-4,14,-1,16,29,-6,-1,-4,1
7,2,0,-10,4,5,-7,-1,1
-7,-8,-3,-11,-58,-15,3,-4,1
3,27,11,12,12,7,11,5,1
4,-4,-6,-39,1,-1,-13,-1,1
-5,2,2,20,-20,1,8,2,1
-5,-4,-2,-7,11,-4,-5,-1,1
9,3,4,6,-7,-3,-8,0,1
19,12,9,1,-47,-4,6,2,1
-16,-5,0,2,41,3,-8,-2,1
-3,-1,-3,2,84,18,24,2,1
-2,-7,-10,4,-109,-17,-7,-3,1
8,-8,4,14,19,5,9,3,1
-14,-24,-5,-19,28,-2,-2,-5,1
-7,6,-3,5,-16,1,-5,-2,1
-5,-2,-2,-10,24,-4,-4,-2,1
8,21,2,6,-42,1,10,3,1
-5,-15,-6,-4,92,1,-1,-4,1
0,9,-4,-37,-104,-16,-7,-1,1
9,1,4,22,25,6,5,0,1
-6,-11,0,9,18,3,-3,2,1
-15,-30,-6,-4,-17,-1,-3,-4,1
9,13,-1,8,64,9,-4,0,1
29,32,6,-23,-34,-2,12,4,1
-42,-66,-13,13,31,-6,-7,-8,1
9,28,0,-8,-73,-7,-4,0,1
-4,-5,-5,-2,-10,-9,-5,-5,1
8,7,8,10,15,5,-4,2,1
6,-6,-6,0,29,13,18,6,1
-6,-19,-2,13,36,6,-2,1,1
5,-3,-5,-21,-101,-24,-12,-3,1
-20,1,3,6,31,11,3,-2,1
-17,-8,-6,-24,35,-7,-9,-7,1
32,44,9,-12,-72,-15,-2,3,1
-12,-40,-8,6,30,12,-2,-3,1
-14,-17,2,8,28,-2,6,-3,1
8,47,4,-8,-17,3,-7,0,1
4,1,1,17,9,6,5,1,1
6,5,-1,-7,-21,-9,-8,-5,1
-19,-17,-13,7,27,-8,-11,-10,1
3,6,4,17,-48,1,8,2,1
12,-2,-2,-11,27,5,-1,1,1
-15,-4,-12,-19,-23,-3,-1,-2,1
2,2,4,15,30,0,3,1,1
12,27,2,-32,-37,5,-1,0,1
-3,9,6,20,60,5,2,2,1
-3,13,-8,-24,-53,-15,-6,-2,1
10,1,0,15,40,2,9,2,1
-16,-21,-1,-8,-13,-7,-9,-1,1
15,34,6,12,-7,9,12,4,1
0,-11,-8,10,36,-1,-6,-1,1
3,-2,-3,-13,-26,-3,1,0,1
11,4,-1,-13,40,-1,-2,2,1
-4,-19,-5,-10,-25,0,9,1,1
-20,-28,-8,-12,49,6,-1,-5,1
0,24,-6,-24,-124,-15,-4,0,1
4,-14,1,7,22,1,-3,0,1
-3,-6,-11,-17,6,-5,-10,-2,1
12,18,5,18,-6,4,13,6,1
-6,5,13,1,49,1,-14,-5,1
9,19,10,46,20,2,0,-1,1
-35,-29,-15,-38,-48,-10,-6,-7,1
21,19,17,10,-1,3,4,5,1
5,-9,-5,-7,13,5,-2,0,1
-29,-62,-15,-5,-32,-11,-10,-6,1
13,10,9,13,27,-1,0,0,1
-2,-1,-5,-20,-56,-10,0,-4,1
-13,-18,1,15,37,6,-2,-2,1
4,17,-3,-6,-32,-19,-16,-4,1
11,12,4,-6,-21,5,11,4,1
3,8,2,10,36,2,-8,0,1
-11,-18,-3,-8,-12,5,3,1,1
-3,8,0,-1,21,5,-1,-2,1
9,20,9,12,-34,-9,-1,0,1
5,8,5,7,44,10,-3,1,1
11,24,3,20,37,0,2,4,1
-1,16,2,-15,-47,-10,-6,-5,1
-3,-10,-7,-20,-2,-11,-6,-1,1
-6,-9,0,24,26,5,0,1,1
10,26,-7,-41,10,0,7,-1,1
4,11,4,-6,-15,1,-6,0,1
-14,-4,-6,9,-32,-5,-6,-7,1
22,12,12,20,29,2,11,1,1
-15,-10,-4,7,64,6,-6,-3,1
5,0,-12,-29,-63,-6,12,1,1
2,-2,6,13,6,7,1,2,1
-2,-11,-7,-10,53,7,6,-1,1
3,-7,0,-23,-73,-10,-12,-4,1
0,0,-5,1,-1,-1,5,1,1
5,-4,1,-6,33,11,9,4,1
-8,5,-9,9,-20,-8,-16,-5,1
-7,-7,1,-6,-24,-13,-1,-1,1
-7,-9,-3,4,42,5,-4,-3,1
2,-9,2,0,-28,-4,1,0,1
8,11,2,18,-3,3,-7,-1,1
-17,-15,-4,10,14,10,9,0,1
4,6,2,14,5,3,3,0,1
-8,8,-6,0,15,-7,-5,-6,1
-4,-9,3,-16,-52,-9,1,1,1
4,-8,-4,12,6,2,-6,-2,1
3,10,7,-1,7,-5,6,1,1
7,3,4,8,45,9,-4,3,1
-3,-22,-9,-4,-32,-2,-6,-3,1
-16,10,1,1,35,5,-2,-3,1
6,10,9,-11,-82,-19,-1,-1,1
4,1,-16,-48,-18,-7,-7,-1,1
-26,-8,-11,7,43,6,9,0,1
20,27,8,14,-43,-2,-4,2,1
-7,-23,-1,2,49,25,6,1,1
-12,-20,-4,14,15,-3,-9,-6,1
12,14,3,-5,-9,-4,6,2,1
0,-17,0,-13,-20,-8,-8,-4,1
-2,5,-5,13,10,-2,-2,2,1
-1,-12,4,12,-13,0,2,0,1
-12,-2,0,3,17,5,-4,-4,1
-1,-3,-9,-4,-12,-4,-8,-4,1
2,-11,1,-4,7,-3,10,1,1
-4,12,0,-3,-9,-3,-8,-3,1
0,-10,1,2,8,-9,4,-3,1
9,11,-4,13,-2,-5,-2,-2,1
4,-7,2,8,11,4,-1,3,1
36,40,4,11,23,-2,0,1,1
-62,-77,-9,-41,-9,0,2,-7,1
23,18,-1,6,-41,-4,4,3,1
-8,-16,-4,-4,44,-2,2,-4,1
5,1,4,14,-52,-12,-12,-3,1
7,-3,-4,-11,-2,5,3,2,1
-8,11,4,34,103,29,18,5,1
3,10,5,-18,-75,-16,-12,-3,1
-5,-10,-3,-15,47,5,6,1,1
28,39,7,16,-43,-10,-14,-2,1
-15,-35,-6,-1,4,4,14,-1,1
-6,-2,-8,5,36,4,-4,-4,1
-3,-10,2,5,-21,3,1,4,1
-1,28,7,-1,4,3,-5,-2,1
-4,-21,-10,-9,-8,-8,-4,-2,1
14,29,10,6,-1,1,-3,-1,1
-20,-16,-9,-14,-4,-6,-4,-5,1
0,-10,0,10,-26,3,2,0,1
1,-4,1,6,12,2,-2,0,1
1,-9,-3,-4,-24,-2,-5,2,1
-15,-9,2,2,12,-1,4,-4,1
3,7,-6,-16,-5,6,6,0,1
2,4,8,-8,81,3,-1,-1,1
3,33,-2,-16,-73,-19,4,1,1
-8,-5,5,-5,53,1,0,-5,1
12,-14,-2,2,12,0,2,4,1
-4,-9,5,-16,16,3,-7,-5,1
16,13,-5,19,33,9,-2,0,1
-23,-30,-7,-9,-44,-6,6,-3,1
0,-5,-4,-7,-7,-10,-8,-4,1
-13,-18,0,8,9,3,5,0,1
5,6,-1,1,19,9,1,4,1
5,-1,-3,-11,-78,-19,-9,-5,1
8,12,4,33,39,6,7,3,1
-11,-12,-15,-36,-27,-11,-7,-3,1
-4,-9,3,12,47,6,5,0,1
-7,1,-2,12,-16,13,4,2,1
-6,9,-4,-2,-27,-6,-3,0,1
7,7,-2,0,-25,-6,-3,0,1
-5,-8,0,10,44,6,2,-4,1
2,-9,-10,-17,0,1,-3,2,1
26,26,7,8,3,-6,2,2,1
-31,-26,-8,-16,-30,1,-3,-5,1
2,2,5,34,19,-3,-7,-3,1
4,4,-7,-24,-15,-3,6,0,1
12,19,3,1,14,-5,-8,-2,1
-10,-21,-8,-23,-39,-1,12,-2,1
8,17,7,1,43,0,-6,-1,1
-13,-27,-8,-4,-65,-2,-2,-4,1
5,19,7,29,59,2,-7,-4,1
2,15,-1,-4,-37,-6,-3,1,1
7,2,4,-13,-9,6,11,2,1
-25,-29,-14,22,23,-14,-12,-9,1
-7,-10,-4,-18,-25,2,-1,-5,1
3,2,1,17,10,1,-1,0,1
-2,-9,-10,-5,-33,3,-6,-1,1
0,-12,-6,-11,21,-10,1,-1,1
-16,0,0,15,4,-5,-9,-7,1
14,7,-6,-21,-12,-8,-4,-4,1
-15,-7,7,7,-3,3,0,2,1
9,6,2,-2,29,7,0,2,1
-10,4,0,-12,-34,5,7,3,1
28,27,12,27,12,1,-3,6,1
-18,-43,-14,-16,6,0,2,-1,1
8,32,8,33,41,11,-8,-2,1
-1,-6,2,-16,-59,-5,4,-1,1
-13,-21,-8,2,-4,-6,-10,-4,1
0,5,6,0,-10,-6,-4,0,1
16,41,16,25,39,9,13,3,1
8,12,4,-4,30,5,0,4,1
-9,-1,-9,-7,-11,5,-4,-2,1
6,7,1,-21,-52,-11,0,-2,1
0,-10,0,15,15,-3,-6,-1,1
2,5,-1,7,36,4,-1,-1,1
-4,-8,-5,3,-7,-4,-7,-2,1
-8,8,0,-14,-3,-11,3,-5,1
16,19,7,-12,-46,-5,2,7,1
-18,-42,-17,8,36,3,-3,-2,1
21,16,12,0,-52,-3,3,5,1
-4,-7,-4,-15,100,13,8,0,1
-9,-25,-5,-26,-107,-21,0,-1,1
2,11,2,-1,30,5,0,0,1
3,8,11,14,57,11,10,2,1
-16,-18,-3,-17,-33,-15,-18,-9,1
4,7,-4,17,21,13,10,3,1
9,-3,13,-18,-7,-9,-6,3,1
-11,15,-16,-44,-59,-17,-10,-6,1
7,0,-1,37,8,6,11,3,1
-1,11,-1,-19,23,10,0,-1,1
-3,0,-1,10,-10,-5,-7,-2,1
5,2,5,27,84,6,-2,-1,1
11,8,-5,-12,-93,-3,5,5,1
-5,2,2,-2,61,3,0,-1,1
-12,-39,-17,-31,-80,-14,1,-3,1
3,4,1,-5,0,-8,-7,-4,1
-4,-15,-2,10,27,6,-7,0,1
6,13,6,14,69,10,-1,1,1
-13,-29,-14,-22,-38,2,3,0,1
16,16,7,2,-1,-10,-3,3,1
-22,-27,-10,-5,-2,1,-9,-5,1
-4,-11,-4,12,-18,-8,-13,-8,1
-5,20,5,14,13,-3,-4,0,1
3,2,-1,0,16,4,-3,-1,1
16,8,2,-5,-7,-9,13,0,1
-17,-24,-5,9,8,0,-5,-6,1
4,-18,2,15,0,5,7,5,1
-10,-9,-8,-11,35,0,-10,-6,1
18,22,2,18,-74,-4,7,-1,1
-24,-6,-4,-24,44,-1,-2,0,1
13,8,9,5,-11,2,12,2,1
-3,-4,-2,-1,-18,-2,-6,-1,1
14,6,4,5,34,7,-2,2,1
-37,-27,-10,-7,-16,1,5,-4,1
13,22,0,10,1,-3,-2,1,1
-13,-8,4,-5,-13,5,13,3,1
3,17,-8,-38,-18,-4,-4,-2,1
8,2,12,30,-13,1,0,1,1
-12,-3,-1,4,13,0,-7,-5,1
12,16,8,14,-19,-5,12,0,1
-8,-13,-1,10,27,8,-9,2,1
24,30,7,-13,-10,13,8,7,1
-10,-20,-7,-8,0,-10,-5,-1,1
-2,4,2,0,-6,-5,-3,-4,1
-11,3,5,6,4,3,-1,0,1
5,-25,-8,-3,17,-2,-3,-1,1
21,33,7,-8,1,8,10,2,1
-16,-24,-10,-10,2,-3,-1,1,1
-12,-6,4,3,77,0,4,0,1
8,25,10,3,-107,-17,-10,-3,1
10,8,-4,-5,24,0,-2,-2,1
3,12,3,10,31,13,9,4,1
-4,-25,-9,-7,-31,-4,0,-3,1
-14,6,3,25,20,0,1,2,1
2,14,-8,-9,-2,3,-5,-3,1
10,15,-2,-13,-27,-9,-1,-1,1
1,-13,-1,-6,1,-5,-10,-2,1
8,-10,-4,1,15,6,5,3,1
18,21,7,-4,-13,-4,-2,0,1
-33,-58,-13,7,26,5,-1,-5,1
-5,19,-4,-12,-31,-9,0,0,1
11,3,-3,-29,-38,-8,1,0,1
-1,16,3,14,34,3,-9,-4,1
11,-4,5,29,11,9,11,2,1
11,21,2,4,0,-3,2,-1,1
-5,-3,4,-8,24,0,0,-1,1
-16,-29,-12,-31,-51,-6,-2,-4,1
8,15,2,24,18,3,-3,3,1
-2,-22,-6,-6,-32,4,-4,0,1
14,29,9,5,63,6,5,0,1
-10,-36,-18,-4,-57,-13,-3,-1,1
-15,-29,-7,-17,-23,-7,-12,-5,1
-1,-3,2,28,58,17,3,1,1
1,1,-9,-21,-34,-9,-4,-3,1
-3,1,0,-1,19,0,-7,-3,1
17,12,-6,-20,-31,-3,0,2,1
-32,-27,-6,-1,-10,-6,-5,-2,1
11,5,-1,28,13,3,-1,-1,1
-10,-15,-2,4,60,8,6,2,1
23,25,11,-14,-28,0,4,4,1
-5,-12,-1,4,-34,-6,-4,-4,1
-13,-23,-14,2,37,-2,-4,-1,1
13,24,13,7,48,10,12,6,1
0,7,1,-15,-94,-5,-9,-4,1
-6,-20,-12,-13,6,-9,6,-3,1
6,8,7,0,7,5,-2,0,1
14,10,0,11,30,12,9,6,1
-8,-27,-8,4,12,-2,0,0,1
6,16,4,-25,-11,2,-2,-1,1
-9,-11,-8,-13,-67,-14,-13,-6,1
12,-1,5,0,23,-3,-9,-3,1
-33,-18,-7,13,8,2,0,-5,1
6,-2,7,18,21,-1,-8,0,1
4,-11,-11,-58,-26,0,9,1,1
-22,-18,0,9,-23,-7,-2,-6,1
-11,-9,-6,9,61,4,-5,-1,1
6,21,4,-3,-33,-5,-4,-1,1
8,2,5,-1,-34,7,8,2,1
-15,-7,-5,7,1,-17,-14,-4,1
12,6,1,-27,-7,0,6,1,1
22,31,10,23,77,13,4,5,1
-38,-20,-6,-37,-88,-11,-9,-4,1
3,18,0,21,11,2,1,0,1
5,16,2,-11,1,-6,-9,-3,1
2,-1,-8,7,37,6,5,3,1
11,2,7,4,29,7,1,3,1
-16,-10,1,-7,-23,-5,-9,-5,1
0,-4,-1,17,30,5,5,1,1
7,1,-3,-20,-45,-10,-9,1,1
0,7,2,26,25,-1,-6,-1,1
-7,-18,-11,-6,-31,5,12,0,1
11,16,10,31,90,8,-5,-1,1
-11,-17,-6,-26,-109,-22,-7,-3,1
11,9,-2,5,38,-2,10,-3,1
-30,-28,-7,5,10,6,2,-4,1
-3,-15,-5,-41,-30,-9,-2,-2,1
1,8,1,26,31,7,-5,-4,1
-3,1,-3,4,10,-16,-7,-3,1
33,26,13,4,-10,12,15,6,1
-13,-8,-10,-13,2,-7,-6,-2,1
-22,-20,-7,-13,-56,-6,-5,-7,1
23,25,3,1,26,8,4,5,1
10,-6,3,-1,6,-2,0,0,1
-12,12,3,7,-4,-4,-4,-1,1
2,11,3,11,33,-2,4,-2,1
7,12,-4,-15,-18,-9,-8,0,1
-4,6,-6,-14,-55,3,4,2,1
-7,-24,8,12,13,-1,4,0,1
6,11,-1,-2,-32,-1,-3,0,1
-1,-12,-2,19,-5,-5,3,-1,1
-7,1,3,-8,33,4,-5,-1,1
23,14,3,7,2,8,7,4,1
-37,-47,-16,-18,13,3,-4,-7,1
-8,-5,-3,19,-6,2,5,-1,1
9,-5,5,10,20,-6,-4,0,1
-1,12,1,-19,-40,3,-1,2,1
0,-20,-1,21,33,-5,-1,-2,1
-7,15,-2,-25,1,3,-4,2,1
14,3,5,-10,-14,-7,-2,2,1
-15,3,-11,7,-1,-3,-8,-5,1
9,14,2,1,41,9,6,1,1
-2,0,6,-3,11,11,23,2,1
-7,-20,-13,2,-39,1,-3,-1,1
4,-11,1,1,-24,-9,-4,-2,1
-6,23,5,-11,-24,-11,-3,4,1
-20,-38,-11,7,38,3,-9,-9,1
-2,15,-6,-17,1,3,3,0,1
16,5,5,30,14,2,3,2,1
0,-5,-1,8,33,12,2,-1,1
-12,-3,4,-3,-16,-2,-8,0,1
7,2,4,-3,10,-9,-1,0,1
-17,-10,-11,-14,-29,-1,-14,-8,1
15,23,7,7,34,-6,18,2,1
21,17,-1,-25,-77,-3,-1,2,1
-16,-14,-5,12,106,4,-9,-5,1
-10,4,-1,-12,-121,-19,-4,-5,1
4,-2,2,12,42,8,4,-2,1
6,-9,-1,9,15,1,-7,0,1
17,27,4,0,8,-4,3,0,1
-18,-30,-1,14,17,6,-6,3,1
0,7,-1,-19,6,-3,10,-1,1
3,-8,-12,9,-10,-4,-4,-1,1
-4,-2,-1,0,-30,3,1,2,1
36,39,10,-4,45,-4,-1,1,1
-9,-29,-4,-10,-64,1,-9,-3,1
-24,-31,-10,5,33,4,8,-5,1
-9,-12,-6,-11,-26,-5,3,-1,1
24,32,11,22,67,9,6,8,1
13,18,1,-3,-50,4,-6,1,1
-3,16,5,13,13,-6,-10,-2,1
-9,8,2,7,35,-5,-2,-5,1
-6,-10,-9,-32,-48,-7,4,-2,1
5,-1,0,-7,-7,-9,-9,-1,1
10,0,4,-1,-14,-1,-2,4,1
1,13,-1,0,-1,2,-4,2,1
-12,20,4,3,56,2,7,-1,1
0,18,-4,1,-30,-4,-2,0,1
14,0,4,-16,-18,1,-1,-1,1
-22,-35,-9,-23,-59,-18,-14,-5,1
10,8,-2,-5,16,2,2,-1,1
-8,-10,0,32,47,11,-2,-3,1
0,8,4,4,19,0,-3,0,1
9,-3,-2,-6,8,11,3,1,1
-11,-13,-1,-5,8,-10,-1,-1,1
13,23,-3,-17,-49,-9,-2,0,1
-18,-31,1,10,34,2,-1,-2,1
-4,29,0,-11,-30,-6,-8,-5,1
-12,-44,-13,13,45,9,9,2,1
13,16,2,-16,-17,3,-1,0,1
-15,-4,-1,4,18,0,9,-1,1
4,15,8,7,20,2,-3,-1,1
0,-4,-10,-7,-70,-6,0,-3,1
1,-11,-2,-10,18,0,6,4,1
-1,-6,-5,4,11,1,-11,-2,1
-6,-22,-7,9,3,-2,2,1,1
14,11,8,11,-23,6,5,2,1
-29,-14,-8,8,-6,-7,-8,-4,1
9,30,6,-21,9,0,1,1,1
6,1,5,22,11,4,8,4,1
3,3,0,-10,-37,-11,-13,-3,1
8,-3,1,12,22,6,7,5,1
10,6,1,-12,-39,-7,-8,-3,1
-34,-43,-8,0,57,5,4,-4,1
12,21,-3,-13,-58,-7,10,0,1
0,-9,4,10,45,10,2,1,1
19,-2,-1,5,-31,-4,-9,-4,1
-21,-42,-9,-7,31,7,2,-3,1
-12,-15,-4,-2,-8,-5,-9,-3,1
-2,-4,-5,-9,13,6,9,-2,1
0,-5,-8,-5,3,8,3,0,1
21,24,10,25,-53,-17,-9,1,1
-14,-11,-7,-12,24,1,-2,-2,1
-8,-20,-6,1,1,-3,0,-2,1
6,23,10,27,34,15,8,5,1
9,-2,-9,-23,-40,-3,-1,0,1
-7,4,1,-2,11,-1,-10,-2,1
-1,4,0,-12,-37,-6,5,-2,1
4,6,3,8,20,1,4,0,1
-4,-4,-2,0,3,-10,-16,-4,1
15,17,3,-9,-32,-3,1,2,1
-20,-23,-2,3,41,-1,-2,-4,1
-10,-15,-9,-18,-46,-5,-8,-3,1
18,21,7,9,20,7,17,5,1
-6,-2,-1,16,32,8,-6,-4,1
19,19,6,-12,-27,-5,1,2,1
-25,-21,-7,-7,9,-7,-7,-5,1
4,14,4,7,-17,5,5,0,1
5,2,0,9,28,7,4,2,1
-2,-13,-6,-4,-12,-5,-8,-3,1
0,-10,1,3,0,-4,5,3,1
21,34,2,-15,-10,0,3,0,1
-39,-80,-17,-1,-10,-3,-11,-9,1
-4,10,2,8,13,-1,-5,-2,1
9,15,1,1,-2,0,-5,-1,1
-22,-32,-6,7,5,1,7,-1,1
8,9,4,2,20,4,1,1,1
-9,-5,-3,5,27,-1,-5,-1,1
-3,-16,-10,-6,-8,-7,-8,-6,1
4,16,4,0,-78,-5,-6,-1,1
-1,5,6,-11,3,-11,0,0,1
-1,0,2,4,60,8,-6,-2,1
14,41,6,10,-103,-17,5,2,1
-2,-13,-1,-7,64,8,-9,-3,1
-6,-4,-8,-6,-9,6,11,-1,1
6,22,-2,6,-16,-5,-5,-1,1
29,9,10,13,59,18,19,10,1
-44,-65,-17,-23,-50,-22,-16,-11,1
-3,21,1,-16,-6,6,-1,-1,1
11,-1,-4,11,-10,3,15,2,1
-23,-6,-4,3,26,-6,-16,-6,1
15,14,4,-4,-52,-6,8,6,1
12,16,7,-7,40,2,-3,1,1
-17,-19,7,1,8,5,-5,-2,1
6,9,-7,-6,28,1,1,-1,1
-11,-21,-2,9,-5,4,-3,-4,1
-2,-8,-5,-7,-27,-9,2,-1,1
4,5,6,-7,-5,5,1,2,1
-2,8,8,26,97,12,3,3,1
9,-11,-14,-60,-88,-28,-14,-4,1
2,-5,3,20,20,0,-6,2,1
10,14,2,-8,10,3,17,6,1
1,-13,-3,0,11,-5,-5,-2,1
-8,3,-2,14,50,11,-2,-3,1
6,1,-4,-14,-39,0,3,-1,1
1,16,-5,-5,-56,-11,-8,-4,1
-19,-24,-1,0,6,5,5,-5,1
12,31,3,11,32,2,1,-1,1
-6,-6,-1,10,98,9,7,1,1
27,14,5,-3,-79,-10,-10,-1,1
-55,-56,-18,-28,-48,-16,8,-6,1
11,33,8,-4,42,10,-8,-2,1
-8,8,-9,33,22,4,8,-1,1
4,0,5,-4,19,2,-4,-1,1
0,18,0,-8,-43,-4,4,0,1
8,13,4,12,20,-2,-6,-2,1
1,-1,-6,-6,-4,10,10,4,1
4,0,7,-38,-58,-9,-9,-2,1
-6,-3,-8,-5,-24,-7,-13,-5,1
1,-3,-8,-4,1,-7,6,2,1
15,8,7,14,7,5,14,5,1
-11,-20,-10,9,18,4,-3,0,1
28,21,6,-2,10,-1,-11,2,1
-16,-21,3,-6,11,8,3,0,1
5,-5,-3,11,-19,-8,-9,-5,1
-26,-16,-11,-21,-4,-9,1,0,1
23,26,16,27,27,9,4,4,1
6,22,-3,5,25,5,-5,0,1
-9,-11,5,-16,24,-7,-1,-3,1
-3,-6,-15,-8,-65,-13,-9,-5,1
1,-6,2,6,58,1,1,2,1
6,-7,-2,26,-28,4,-1,1,1
-13,7,-4,-40,-43,-12,-8,-3,1
-13,-22,-5,12,46,3,-3,-3,1
4,9,-3,4,-31,-17,-4,-4,1
-13,-13,-4,19,27,4,-2,0,1
4,21,2,19,-28,14,4,3,1
-11,4,0,-9,9,-15,-8,-6,1
3,3,-13,-25,-51,-10,-17,-3,1
-2,6,10,6,61,10,14,0,1
12,-3,4,-16,9,4,-5,0,1
-13,-3,-11,-16,-62,-14,-2,-4,1
-8,-13,1,13,67,13,3,-1,1
29,23,1,-19,-76,-8,1,3,1
-6,-32,-10,7,-23,-7,-5,-1,1
-22,-28,-1,29,60,11,3,-4,1
15,4,3,-22,-27,0,9,5,1
-21,-18,-8,-2,18,-9,-10,-7,1
3,12,1,4,-28,-12,-7,-4,1
15,1,2,33,59,17,3,3,1
-10,10,0,-10,10,-1,0,-2,1
5,25,6,-21,-64,-6,12,3,1
5,-23,3,10,-14,-7,-19,-1,1
-10,-16,-8,2,20,5,7,0,1
-7,5,1,-11,41,11,7,0,1
30,40,11,19,-52,-6,-8,6,1
-32,-15,-7,-14,-6,-17,-4,-10,1
29,46,16,6,-4,5,3,3,1
-27,-44,-5,13,-8,2,-1,-5,1
0,-14,-9,-14,28,4,0,-1,1
5,0,-3,5,1,9,2,5,1
15,4,8,6,19,1,-1,0,1
11,-8,1,-1,-24,-3,-3,1,1
-51,-53,-16,-8,17,4,7,-8,1
9,10,10,6,21,0,3,2,1
2,-12,-9,-15,-28,0,-2,1,1
10,7,1,16,22,-7,-11,1,1
8,1,-1,-5,-8,1,7,0,1
9,9,-1,15,15,6,-2,-3,1
-16,-49,-9,-37,-42,-10,-3,-5,1
-9,-2,5,7,11,2,8,2,1
-7,13,-3,-12,-14,4,-10,-4,1
12,30,4,16,68,0,0,1,1
8,15,5,8,-72,-1,7,3,1
7,26,-1,-13,-20,-4,2,1,1
-8,-17,1,-1,35,-4,-7,-1,1
1,14,3,-15,-3,-3,-10,-3,1
-3,0,-3,-14,45,3,-4,0,1
7,15,3,2,-76,3,10,3,1
14,18,11,37,54,14,8,5,1
-7,1,-4,-18,-56,-17,1,-2,1
-11,4,-1,12,51,4,-4,-3,1
9,15,1,-2,-40,-9,-4,-2,1
8,16,-6,-25,29,7,3,0,1
-13,-14,6,33,39,14,0,-1,1
16,17,-3,-21,-43,-19,-4,-1,1
-15,-13,-6,-26,5,2,0,-5,1
3,-12,6,15,-12,-10,-9,-2,1
-1,9,-7,-22,9,4,-7,0,1
2,8,3,7,-19,7,13,1,1
17,-10,-1,15,33,-1,-15,3,1
-24,-38,-8,18,32,-6,5,-1,1
15,3,1,-34,-87,2,2,0,1
-30,-30,-2,16,7,-7,-6,-7,1
3,3,-4,-28,-21,-13,-7,-5,1
-1,2,2,31,52,7,12,2,1
-10,-1,-5,7,2,-2,-2,0,1
-5,-16,-5,4,41,9,3,-1,1
-2,0,-1,-26,0,1,-3,-2,1
4,9,7,6,-80,-18,-15,-4,1
0,5,-4,-4,13,11,23,0,1
-4,11,2,11,6,-3,-3,0,1
-5,0,0,15,31,7,6,1,1
5,-2,-15,-15,-3,-5,-3,-2,1
2,-24,4,4,-28,-3,-3,2,1
-12,10,3,12,85,8,-4,-1,1
-4,-27,-8,4,-76,-1,4,0,1
-1,5,-4,-25,-30,-2,-3,1,1
9,30,8,-20,6,-6,-2,-5,1
18,14,11,40,41,-5,-10,2,1
-14,-22,-12,-20,6,1,-5,-4,1
8,18,2,-4,13,7,7,1,1
-4,-25,-4,-16,-14,-7,-8,-2,1
-8,-2,-6,-25,5,7,7,-2,1
0,18,2,27,3,-8,0,-2,1
4,-12,-10,-31,-56,-12,-19,-2,1
-11,1,8,38,49,4,8,0,1
14,5,-3,-18,-22,-2,3,2,1
-4,-13,0,29,36,10,2,-1,1
-16,-34,-7,-15,-62,-8,2,-6,1
16,14,6,29,55,-2,-6,1,1
15,33,1,-1,-8,3,2,-2,1
-14,-6,4,-9,-67,-2,-2,-2,1
10,3,9,14,29,2,6,4,1
-24,-38,-12,-22,-49,-9,-12,-6,1
7,28,2,1,0,-5,-2,-2,1
1,1,0,-7,62,10,2,2,1
-4,-1,-5,2,13,1,-6,-4,1
3,2,-3,-1,-8,1,-1,-1,1
11,-9,-4,-5,-10,-2,2,0,1
-20,-18,-6,-4,-32,-10,-2,-3,1
-4,-9,-2,-7,25,11,3,1,1
13,14,2,2,-24,-4,3,3,1
-1,3,3,0,41,10,-2,0,1
-15,-5,6,-22,-60,-14,-4,-4,1
1,-3,-1,7,2,-4,-7,-3,1
13,10,-1,-19,-6,-1,16,5,1
-16,-20,-1,-5,-6,0,-16,-6,1
18,-2,2,7,13,4,4,3,1
-17,-2,-7,7,34,-4,-4,1,1
8,12,11,24,33,10,9,0,1
5,-4,-2,-29,-40,-9,-2,-2,1
-8,-19,-7,18,31,7,4,-2,1
26,43,12,22,3,4,5,0,1
-17,-42,-11,-18,-25,-4,-10,-3,1
-7,-27,-1,8,-14,-7,6,3,1
4,21,4,9,52,11,2,0,1
7,5,2,-9,1,-3,-5,0,1
-5,2,-3,-9,-52,-11,-4,-1,1
3,4,-1,-6,-17,-10,-15,0,1
-2,-6,0,8,12,-10,-2,-3,1
-6,-21,-9,-13,-11,6,11,2,1
-10,9,-3,-5,32,2,-12,-3,1
0,-7,2,14,5,0,7,1,1
-1,16,-8,-10,-15,-9,-8,-5,1
6,4,7,0,10,8,7,6,1
-15,-20,-7,38,60,-4,-7,-5,1
-3,-1,-2,-35,-52,-3,-13,-6,1
18,9,-6,-19,-62,-16,-3,1,1
-15,-14,-9,-27,-16,-4,-1,-5,1
-22,-31,-11,3,26,2,2,-7,1
17,21,5,21,12,5,10,5,1
0,-6,2,2,18,13,6,4,1
20,28,12,6,-9,-12,-9,-3,1
-39,-66,-12,12,58,9,3,-6,1
-8,-6,-7,-36,-54,-7,1,1,1
-9,-17,0,12,5,10,12,-1,1
6,6,8,12,-30,-12,-5,1,1
33,48,8,14,3,4,-7,4,1
-16,-14,-5,8,8,3,7,-4,1
2,-4,1,17,28,0,-7,2,1
-6,-10,-8,5,22,3,6,-3,1
15,16,9,-25,-55,-1,6,4,1
-21,0,-5,5,38,-3,-8,-6,1
5,9,-2,8,-29,-3,1,1,1
4,5,-7,-20,45,1,-12,-1,1
5,2,-1,-6,-102,-14,3,-1,1
9,10,3,0,25,9,8,4,1
-2,-12,4,-5,10,-1,0,3,1
-14,3,1,11,12,4,3,-4,1
12,13,1,-3,44,5,-4,2,1
2,-5,-6,9,-50,-5,1,-3,1
5,12,4,-4,8,-2,1,0,1
-6,-37,-10,-12,-9,2,8,1,1
5,5,5,3,40,7,3,1,1
-10,-28,-7,3,-38,-7,-9,-4,1
15,33,-3,-6,18,0,5,-3,1
-29,-13,3,5,-9,-6,-14,-6,1
1,9,-3,-2,10,1,-5,-1,1
7,-4,0,-3,10,0,12,3,1
6,23,10,-11,-3,3,-11,-1,1
-17,-14,-12,-2,-3,-13,-9,-8,1
6,8,4,16,-21,0,1,1,1
1,-5,-3,6,33,4,-4,-1,1
2,16,0,-15,-28,0,8,0,1
-9,1,5,7,9,8,3,1,1
13,-1,-8,-14,18,-8,-4,0,1
-26,-30,-2,-2,7,-3,-9,-8,1
1,-4,-5,6,-24,-4,0,-2,1
14,-8,5,-13,-37,-2,-1,3,1
7,12,0,-5,-32,-6,3,0,1
-10,-11,-7,0,38,-2,-10,-1,1
-4,-16,-3,7,24,-4,-7,-6,1
0,-9,-5,10,-3,6,5,-1,1
10,10,1,-17,-21,-4,-7,0,1
-2,3,1,20,7,2,8,0,1
-5,-11,-4,-6,4,-3,-8,-3,1
-13,-20,-7,-2,-20,-3,3,-4,1
-11,-13,-4,-13,-11,-2,3,-2,1
11,5,1,-6,0,-2,-6,2,1
-8,-9,-7,-12,-12,-6,-3,-1,1
7,16,8,14,24,6,2,4,1
-6,-5,-5,0,17,4,2,-2,1
0,-7,0,1,57,9,-3,-1,1
17,18,4,1,7,4,17,4,1
-36,-29,-15,-49,-93,-34,-9,-7,1
-4,1,-3,10,26,4,-8,-3,1
1,8,-1,8,-46,-7,12,5,1
-12,-18,3,5,71,7,-16,-3,1
22,30,5,33,42,20,6,4,1
-9,-27,-6,-10,-21,-5,2,1,1
6,18,3,-28,-31,-5,-2,-5,1
7,-3,2,16,6,-1,-3,1,1
-7,-11,-2,9,11,8,-3,-2,1
-27,-29,-12,5,15,-11,-12,-8,1
24,35,9,-2,-31,-1,5,-1,1
-6,-16,-10,-16,-70,-10,-9,-3,1
17,17,5,1,6,1,12,5,1
-1,-14,5,11,48,8,0,1,1
3,6,5,9,8,1,0,1,1
-14,-13,-8,-9,-90,-22,-10,-4,1
5,4,-1,-15,39,14,13,-1,1
9,22,1,22,14,-4,-7,0,1
-6,1,5,-18,-6,3,9,0,1
-3,-4,0,-2,25,4,1,0,1
7,23,4,14,20,-3,-3,1,1
-3,18,7,-14,-17,1,4,-3,1
-2,-20,-6,19,4,-5,-15,-4,1
-16,-27,-11,-18,42,9,9,-6,1
13,35,10,0,-32,-6,0,2,1
-28,-41,-11,-6,6,2,0,-1,1
-4,24,5,-4,21,8,0,3,1
12,13,3,14,-75,-7,1,-1,1
-4,-34,-14,1,42,1,2,1,1
15,23,7,7,22,10,6,3,1
-2,-23,0,-5,-49,-5,-4,0,1
-4,7,3,-1,24,4,-2,-1,1
7,14,5,32,16,-6,2,-5,1
10,1,-6,-6,-46,-2,4,5,1
-20,-34,-5,-13,32,0,-9,-3,1
11,15,1,22,28,7,15,1,1
8,-6,-3,3,-52,-7,-16,-1,1
-16,-1,1,0,11,-1,-6,-5,1
8,23,3,-14,7,-4,0,1,1
-2,-2,-2,14,-21,-5,2,-2,1
14,1,0,15,79,8,-4,0,1
-12,-9,-8,-32,-120,-14,1,-3,1
-8,-5,-9,-6,1,-4,-1,-4,1
3,19,10,6,55,8,1,3,1
11,5,-3,-7,-33,2,5,3,1
-2,19,11,10,18,8,6,-1,1
13,-4,0,26,66,7,5,6,1
-4,-7,-8,-31,-55,-20,-13,-1,1
6,24,1,2,21,5,-2,0,1
0,5,-7,-9,-13,-5,-2,-1,1
6,-7,-3,-19,-50,-12,-7,-5,1
-21,-21,-3,24,76,12,5,-1,1
5,9,0,-41,-2,-7,-10,0,1
-9,-18,-10,7,-30,-2,2,-4,1
8,26,4,27,62,2,-3,-1,1
11,10,-4,-26,-89,-8,-7,1,1
-21,-27,-1,-2,21,-2,-7,-7,1
16,27,6,3,-2,5,14,6,1
-9,-8,-6,18,20,2,-4,-4,1
19,23,9,-7,17,13,19,6,1
-25,-31,-8,8,6,2,-2,-4,1
-6,-4,-5,-29,-66,-26,-11,-5,1
5,11,9,7,16,10,9,2,1
5,19,6,9,7,-2,0,4,1
-6,-13,-8,-53,-40,-5,-3,-7,1
-4,-12,-3,30,86,-3,-13,-1,1
26,24,-1,-7,-32,-9,-5,-2,1
-32,-36,-2,-13,-38,2,-4,-6,1
-15,-27,-6,-2,-61,-8,2,-3,1
14,11,4,9,49,1,0,0,1
0,-7,-5,-6,12,4,-3,-1,1
-6,-13,-8,2,-24,-5,-7,-3,1
3,10,9,-2,4,4,1,2,1
8,10,7,8,8,5,-1,1,1
-19,-24,-6,-17,-48,-10,-1,-1,1
9,19,3,-1,55,12,4,1,1
-6,-5,-6,8,-37,-11,-5,0,1
10,11,6,-16,-37,-12,-10,-1,1
-2,9,-3,-20,4,3,11,2,1
-7,-29,-8,11,66,9,-5,-3,1
13,22,1,-10,-61,-6,0,0,1
-6,-18,-6,-1,-2,-2,-3,-1,1
-31,-10,2,5,-8,0,0,-5,1
12,13,2,1,32,3,10,2,1
-2,2,-7,6,-55,-8,-12,-1,1
4,-9,6,12,39,7,9,-2,1
7,2,-6,0,-69,-10,-5,0,1
-10,-18,-8,-27,4,-6,-11,-8,1
-11,0,5,30,90,4,4,0,1
13,20,0,-23,-54,-4,0,2,1
-4,-17,-2,15,29,-3,-14,-3,1
8,11,5,-23,-31,-1,2,3,1
-4,-10,-3,3,10,0,-4,-3,1
-5,9,-6,-18,15,-6,-2,-2,1
23,14,6,12,15,2,2,4,1
-10,-7,-7,3,-6,-3,0,-2,1
-6,-30,-4,-2,4,-4,0,-3,1
-2,10,0,19,34,14,-4,3,1
2,11,0,-14,-21,-5,4,-2,1
2,0,-3,-4,-19,-14,-7,-2,1
-4,13,0,-15,14,9,10,-1,1
1,-2,3,17,26,-1,-1,-2,1
-1,10,-2,-2,-32,-8,-10,-1,1
4,1,7,30,-13,-7,-5,-2,1
3,18,9,5,3,-2,7,3,1
-4,-10,-5,-30,-16,2,-1,0,1
2,3,1,2,21,3,5,0,1
-1,-4,-1,18,36,11,-3,-2,1
4,6,-1,-10,-36,-8,-3,0,1
14,12,-3,-18,-22,4,8,3,1
-45,-53,-15,7,16,1,1,-10,1
4,20,3,0,-2,0,6,1,1
8,9,6,-5,37,9,0,2,1
5,-9,-3,11,-31,-12,-7,-2,1
-5,-10,-7,-18,-19,3,8,2,1
13,19,3,10,15,-2,-7,0,1
-16,-16,-3,1,27,-1,-9,-6,1
-7,9,7,1,14,-2,-2,-2,1
18,5,8,43,86,16,11,6,1
-21,-13,-15,-29,-103,-12,-16,-7,1
8,34,9,12,-20,-13,-5,-2,1
-7,-10,-3,-9,-3,-4,0,0,1
12,14,6,15,66,7,2,3,1
12,-2,5,5,-18,5,-2,3,1
-22,-8,-8,-2,19,3,9,-5,1
-4,-3,-4,-31,-53,-5,-2,-2,1
19,23,9,12,6,7,7,4,1
-26,-33,-7,-3,8,1,-2,-2,1
13,11,0,7,-5,0,1,3,1
5,12,11,43,35,0,-2,2,1
-3,-12,-4,-25,0,2,-7,-3,1
12,15,1,16,2,-14,-2,-2,1
-28,-37,-9,-10,-31,4,-2,-3,1
-6,-29,-10,-3,-48,-8,-1,0,1
3,24,4,-7,-18,-5,-6,-4,1
-3,-6,4,-1,37,-5,-3,0,1
16,11,1,3,1,-2,-1,0,1
-15,-10,-2,9,-4,2,0,0,1
0,20,-1,-33,3,-3,-1,0,1
6,6,0,4,21,3,6,2,1
5,4,-6,-11,-54,-14,-9,-3,1
9,13,13,-5,31,10,5,2,1
0,-4,-5,-13,-42,-11,-6,0,1
-13,-24,-4,11,52,3,-3,-3,1
19,25,6,-16,-14,-1,4,3,1
-12,-23,-7,6,57,9,-3,-5,1
10,25,7,3,44,8,10,7,1
-36,-43,-17,-53,-113,-30,-12,-10,1
12,10,4,29,86,13,12,6,1
4,-2,0,-7,22,1,-4,-2,1
5,3,2,16,3,7,6,0,1
15,-10,-2,2,-49,-7,0,5,1
-13,-11,-4,4,28,9,0,0,1
14,30,10,2,-3,-2,-1,1,1
-9,-15,-3,9,-44,-13,-23,-5,1
10,14,11,-1,76,17,11,0,1
-25,-39,-21,-24,-109,-18,-9,-6,1
14,25,8,41,75,11,2,1,1
-15,-54,-19,-29,-34,-3,-3,-7,1
-3,-2,3,10,11,-2,-7,-4,1
-1,0,7,-8,51,10,7,5,1
-5,37,-4,-15,-79,-10,1,-4,1
-15,-37,-7,20,43,1,-4,-4,1
22,20,9,0,-48,4,0,6,1
7,-5,3,1,27,0,-8,-2,1
-16,-22,-8,8,32,12,4,-5,1
-7,-6,-2,-5,-14,-17,-7,-6,1
2,19,2,18,40,1,-3,1,1
21,8,3,3,-55,-4,-1,4,1
-18,-49,-17,12,14,0,1,-2,1
9,23,3,-4,-28,-6,-4,-2,1
-15,-11,-3,2,37,6,0,-4,1
-5,-4,1,-2,16,-1,13,0,1
4,-13,-2,4,18,6,-1,0,1
5,27,-1,-13,-52,-3,5,2,1
-1,10,-9,-21,-13,-16,-13,-4,1
-18,-25,-5,4,-18,1,-1,-5,1
12,28,6,0,-4,-2,-7,1,1
-8,-4,-1,2,24,5,8,2,1
13,27,8,13,24,7,7,2,1
11,16,3,20,19,5,-7,1,1
8,-8,-1,-38,6,-2,-5,-1,1
-23,-49,-8,-16,-46,-7,4,-7,1
10,13,3,-6,-39,-4,0,3,1
-13,-20,-4,-2,9,5,11,1,1
8,5,10,23,43,2,0,1,1
3,20,0,-15,-37,4,1,2,1
-8,-12,-7,8,39,9,8,2,1
8,12,12,7,2,-6,-10,-2,1
12,-1,-4,2,-9,-8,-5,2,1
-39,-46,-16,-6,-59,-8,-1,-7,1
-3,11,-1,2,-6,6,3,-1,1
12,22,-6,-15,-4,-14,-12,-3,1
-11,-9,-7,-20,-24,-8,1,0,1
23,19,13,19,17,-2,-20,2,1
-5,-9,-2,1,47,13,17,-1,1
-4,-3,0,6,-11,1,-9,0,1
6,13,1,-2,-31,-6,10,-3,1
9,12,-1,1,41,6,-2,-1,1
-14,-28,-7,-13,-19,-12,-8,-3,1
12,23,15,12,61,15,9,3,1
-2,-7,-4,-16,-44,-6,1,0,1
-9,-22,-7,14,16,2,-3,-1,1
7,-2,1,-4,-19,-2,-2,0,1
-10,-1,-5,-7,-15,-7,-1,-4,1
-17,-30,-6,4,11,0,-4,-3,1
11,31,6,8,-25,1,17,5,1
9,19,7,30,57,10,-4,3,1
-7,-11,-6,-24,-34,-13,-15,-9,1
-13,-6,-3,4,-18,4,18,3,1
13,25,6,0,19,0,0,3,1
-11,-23,-4,-20,-15,-5,-2,-2,1
14,14,5,5,49,12,6,2,1
-12,-30,-8,-7,-6,0,-5,-4,1
4,13,-1,-16,8,-2,-3,-4,1
-19,-6,0,5,-18,0,-2,-3,1
2,9,-2,9,26,3,3,-1,1
-4,8,4,-3,-11,-6,-6,1,1
0,-12,-12,-8,-37,-7,-4,-1,1
18,15,4,-15,-21,-3,-2,2,1
-4,-3,-9,7,20,0,3,-1,1
-12,0,0,32,42,9,-15,-4,1
10,-10,2,-24,-58,-12,11,4,1
-2,4,0,-19,9,1,4,-5,1
-1,-13,-7,9,41,-3,1,0,1
11,-2,4,-8,-33,3,6,4,1
3,-4,4,23,73,5,-8,-1,1
-6,-21,-4,-24,-7,1,-3,-4,1
-8,-11,-3,9,-46,-7,-7,2,1
11,3,-9,-24,-18,-4,7,-5,1
-12,-17,2,13,42,1,-13,2,1
-1,1,2,-2,-17,-7,-14,-4,1
22,27,11,21,17,4,14,8,1
-23,-35,-6,4,22,-5,-8,-3,1
19,49,11,8,-38,5,9,2,1
2,4,1,10,51,7,5,3,1
-1,-11,1,-17,-74,-11,-6,1,1
6,13,6,14,36,-2,-5,-2,1
-4,6,0,-15,-18,-2,2,1,1
-7,-13,-8,5,-5,2,-3,-2,1
7,18,3,-1,57,10,5,0,1
-5,-9,-5,-7,-78,-10,5,0,1
-3,4,3,10,35,-2,-7,-6,1
7,-2,-3,-4,-25,-6,1,-2,1
-21,-40,-12,-6,-1,1,-16,-7,1
1,11,6,3,6,-3,8,0,1
2,2,-3,-36,17,3,3,-4,1
1,-3,-4,16,-3,-7,-5,3,1
-20,-14,-6,-2,1,0,11,-1,1
15,43,8,7,-19,-5,-11,-1,1
-7,-12,1,-5,-7,4,0,0,1
8,21,1,-9,18,0,-1,0,1
-8,-5,0,6,15,2,3,2,1
1,8,-9,-23,0,-2,-7,0,1
1,-5,3,-4,46,-4,-1,-2,1
-6,-16,-7,-18,-62,0,-3,-2,1
11,7,3,3,-32,-3,-1,0,1
-20,-25,-8,-6,17,1,12,-2,1
15,2,4,32,41,3,-7,2,1
-16,13,-2,25,35,12,10,-1,1
5,-9,-1,-22,-6,-1,-2,-3,1
23,21,11,32,23,4,-6,3,1
-16,4,-5,-24,-84,-14,-4,-6,1
-4,-21,-1,18,47,0,1,3,1
8,19,0,-12,-86,-13,-2,-2,1
19,19,12,9,45,4,-6,2,1
-7,-3,-2,4,13,9,7,-1,1
-7,-27,-14,0,-2,-14,-9,-4,1
-3,2,-9,-13,-14,8,-3,1,1
-8,-17,-4,-29,-30,-10,-7,-2,1
-10,-19,-4,3,-3,-4,3,-3,1
6,27,6,-1,0,4,4,2,1
-13,-28,-4,26,23,-3,-11,-5,1
-2,1,-8,-13,12,4,2,-2,1
-11,-21,-8,18,36,7,2,0,1
15,7,9,-10,-25,-2,6,1,1
-1,3,-4,-18,-17,-22,-12,-3,1
9,-3,1,-10,0,7,4,1,1
-17,-19,0,-6,24,-2,-5,-3,1
6,0,9,3,3,9,0,2,1
-8,-15,-3,10,86,6,-2,0,1
-4,-7,-2,-23,-74,-10,-1,-2,1
9,6,2,-3,-45,-5,3,4,1
-12,-4,2,-5,-4,3,2,-2,1
8,21,-1,18,38,2,0,-2,1
-11,-1,-1,14,-24,-9,-8,-1,1
15,23,7,8,56,5,1,-1,1
-21,-37,-18,-21,-58,-15,-4,-3,1
17,9,9,-8,-20,3,1,3,1
8,22,0,1,30,11,3,2,1
-15,-52,-14,10,-29,-9,-5,-7,1
-21,-2,-6,11,29,3,-8,-4,1
-5,8,1,0,22,13,10,3,1
-4,10,2,-9,17,-2,3,-1,1
10,7,-4,-31,-76,-11,-15,2,1
6,4,3,2,-61,-9,-2,-2,1
-22,-39,-13,-4,6,-6,-4,-9,1
-16,-3,-3,3,29,-4,-5,-1,1
20,20,0,-8,14,18,14,5,1
11,5,-8,-2,-24,2,3,3,1
-6,8,5,2,-24,8,1,-3,1
-19,-39,-4,8,1,-9,1,-4,1
0,6,4,19,42,9,1,2,1
11,10,7,-6,-19,-14,-5,-2,1
6,10,3,-5,11,5,-8,1,1
6,5,0,1,58,24,20,3,1
-9,7,-2,4,-40,-15,-1,-1,1
-10,-32,-7,1,65,5,-1,-3,1
7,13,2,-28,-117,-17,2,3,1
-1,2,1,3,3,-4,-10,-5,1
1,2,-2,19,45,8,-1,0,1
-5,8,-5,-15,14,2,4,0,1
11,10,2,-5,11,3,5,2,1
-14,-7,-4,-1,-30,-9,-5,-4,1
-5,-10,-5,-13,-34,-14,-10,-7,1
0,-1,0,7,-6,-5,-9,-2,1
5,-8,1,15,27,7,4,1,1
2,10,7,18,2,3,3,2,1
4,3,1,-4,11,7,-6,-2,1
2,6,3,-2,15,3,-1,2,1
-1,4,1,-12,-23,-13,-9,-3,1
0,-15,-4,-1,-27,-4,-4,-1,1
1,-1,4,13,30,7,6,2,1
3,10,-1,-3,2,3,-1,0,1
-2,-7,5,14,26,8,4,3,1
1,12,-9,-24,-28,-14,-12,-6,1
-1,-1,6,-4,5,5,5,0,1
4,2,-3,28,-4,0,3,3,1
-13,24,-2,-28,-9,-10,-7,-4,1
-6,7,-2,-15,-16,-10,-5,-1,1
2,-2,2,-8,16,1,-2,0,1
3,5,2,-4,-7,-7,4,-3,1
14,14,3,24,44,10,3,7,1
-3,-17,-5,10,29,9,-2,-4,1
-6,-8,-15,-20,-43,-1,-3,-2,1
-10,-14,-4,-13,7,-1,-1,-3,1
-3,-7,-3,-6,-32,-13,-7,-4,1
0,2,-3,-7,-2,8,5,1,1
-2,-8,3,2,25,0,0,0,1
-13,-1,2,3,-40,-11,0,-2,1
-1,-13,-8,13,94,13,6,-1,1
17,9,-1,-12,-113,-15,-3,0,1
-10,-20,-4,20,54,1,-4,-4,1
2,0,9,37,7,9,9,1,1
-4,-5,-7,-49,15,-8,0,-4,1
5,0,-2,4,-14,-3,3,0,1
1,13,2,12,39,8,4,0,1
3,6,-1,-23,-23,5,3,4,1
7,1,11,37,16,-6,-5,-1,1
10,11,1,-7,6,6,8,2,1
-13,-12,-7,-17,-58,-12,-9,-1,1
5,-4,3,-2,24,2,-2,-1,1
-13,-8,-7,5,40,19,2,-1,1
16,24,5,-24,-77,-17,-3,-2,1
-19,-14,-4,27,27,-2,-5,-5,1
13,10,-1,3,-26,-5,-6,0,1
3,-18,-7,3,-14,1,-6,-1,1
-29,-16,-1,29,60,6,2,-6,1
13,22,-2,-36,-27,-8,3,2,1
-14,-17,3,4,-12,-7,-3,-5,1
2,6,-12,-12,10,2,-6,-3,1
-6,-14,2,29,28,13,5,4,1
14,14,7,16,-45,1,3,5,1
-10,0,-8,-13,-14,-8,0,-2,1
-8,10,-1,-16,-57,-16,-3,-3,1
0,-11,-1,-3,29,9,5,-1,1
8,14,6,4,-6,2,5,3,1
15,16,4,23,58,11,0,2,1
-3,-9,3,7,-30,-8,-9,-1,1
17,-5,-8,-18,20,0,-4,-2,1
-43,-39,-5,-6,-37,-8,-3,-7,1
11,20,2,-6,18,-3,-3,0,1
6,0,3,3,9,-1,6,-2,1
6,0,-2,2,-10,-3,-13,-1,1
11,6,-5,1,36,8,9,3,1
-2,8,-4,-23,3,-3,-7,-2,1
-11,-2,2,7,-32,-3,1,-2,1
-3,-8,5,33,38,6,-6,-2,1
2,-2,4,-8,-10,-4,2,-2,1
-1,-2,0,-12,6,2,5,0,1
-7,9,7,10,7,4,0,0,1
-5,9,4,-6,35,6,-3,3,1
15,35,1,11,-72,-10,-2,-2,1
-6,-9,-4,-6,-27,-10,1,-4,1
14,2,2,-6,-2,-3,0,3,1
-11,-13,-9,0,42,2,-2,-2,1
-3,-4,2,-9,-15,2,-6,-3,1
5,-4,0,8,23,-2,-4,0,1
-10,-14,-5,-13,-42,-2,11,-3,1
0,10,-2,-12,-7,-8,-6,-3,1
1,8,-1,-4,24,6,16,2,1
-6,5,0,34,2,9,-6,-1,1
0,5,-8,-9,74,5,6,-1,1
-8,-1,2,-31,-92,-12,2,2,1
12,37,7,-5,37,6,-6,0,1
14,0,7,8,79,-6,8,0,1
-11,-13,-3,4,-86,-14,-2,-3,1
10,12,-1,7,29,1,6,-2,1
0,-2,-9,-18,24,-11,-11,-4,1
-5,-22,0,2,-12,6,2,-1,1
-8,-18,-7,3,10,8,2,0,1
-18,-32,-3,-2,-45,-11,-3,-5,1
17,18,10,19,24,7,-2,3,1
-26,-20,-6,-12,-10,-4,-6,-5,1
12,9,0,5,-5,0,-6,0,1
-6,-22,-8,-3,-36,-5,5,-1,1
-7,-10,3,-4,48,10,-3,-1,1
11,11,-1,-1,23,3,-4,1,1
-8,0,0,-9,-59,-7,9,1,1
-6,-10,-4,0,50,5,-1,-1,1
-1,-11,-6,5,-64,-20,-13,-3,1
4,2,-3,-8,17,16,15,2,1
-7,-16,-4,-6,8,-12,-13,-4,1
17,30,-2,-2,-4,-1,-3,3,1
-22,-40,-4,1,-5,-1,5,-3,1
16,1,-6,3,7,5,-4,1,1
-16,-16,-3,-15,17,-3,-3,-4,1
9,15,2,15,-8,3,3,2,1
-6,-8,-10,-13,-15,-13,-5,-3,1
9,19,7,-27,-42,-3,-5,-2,1
8,-5,4,10,0,-4,-8,2,1
-23,-18,-12,-27,46,3,1,1,1
0,-11,5,18,7,4,1,1,1
4,12,-2,-6,-29,-5,1,2,1
2,7,-2,-3,-76,-5,-3,-4,1
-14,-13,0,18,31,11,-3,-2,1
11,24,3,12,-3,3,10,3,1
-11,1,-5,-13,-7,-13,-10,-1,1
14,22,12,15,31,10,3,4,1
13,17,9,4,-35,-3,0,1,1
-10,-25,-12,-5,11,7,4,-1,1
5,2,10,-3,53,5,1,3,1
3,-2,-5,18,-60,3,6,3,1
4,-4,7,25,-1,-10,-1,-1,1
3,12,-5,-40,2,-3,-1,0,1
2,-22,-3,-4,-42,-6,7,-3,1
-23,-35,-8,-18,41,3,-5,-5,1
6,0,2,-8,-9,-2,-4,-2,1
-3,-2,6,16,14,8,-4,-1,1
0,13,-4,6,31,-4,-5,-3,1
12,21,9,5,1,1,-8,1,1
-4,-14,-9,-14,-53,-17,-4,-2,1
4,1,0,-18,9,4,0,-1,1
-8,-8,-2,-1,11,-7,-6,-6,1
0,-7,3,-13,28,13,13,3,1
-1,3,0,14,-2,4,-1,1,1
2,-12,3,4,-7,1,0,0,1
1,-1,-2,1,-44,-3,-7,-3,1
-6,7,-12,-14,-18,-6,-4,-3,1
-1,-8,10,10,33,4,1,-2,1
-8,-10,-6,-4,-26,-5,8,-2,1
0,6,3,2,22,1,-2,2,1
5,6,1,3,22,-1,-2,-3,1
-18,-2,-11,-12,10,3,-2,-2,1
13,23,17,22,0,-2,-2,0,1
5,-3,-6,-2,20,11,5,1,1
-15,-14,-8,-32,-13,-15,-5,-4,1
13,3,0,8,9,6,6,1,1
-7,-26,-9,-20,3,4,-5,1,1
-10,-19,-4,8,-12,3,5,3,1
-8,-20,10,23,48,9,7,0,1
1,2,0,-32,-12,3,-2,-3,1
-5,9,-2,15,30,2,17,-1,1
-9,18,-7,-25,-102,-20,-19,-3,1
9,14,3,22,45,7,3,2,1
17,24,8,9,-7,-13,-7,2,1
-8,-25,-16,3,-33,-15,-17,-8,1
-32,-32,-2,2,63,14,6,-3,1
23,25,-1,-2,-23,-2,9,3,1
-11,-17,-4,-26,-20,-4,-8,-2,1
12,9,-4,-5,18,-4,-7,1,1
0,6,-4,8,-27,-7,2,-2,1
-4,-3,5,0,-19,-12,-12,-1,1
8,11,7,-8,53,26,17,8,1
15,-4,-1,5,-51,-12,-14,4,1
-49,-69,-19,-19,6,-7,6,-12,1
10,15,3,19,17,8,1,-1,1
16,13,4,38,64,12,8,6,1
-6,-16,-2,-30,-42,-15,-17,-6,1
7,19,7,11,-32,-5,3,3,1
-14,-10,-4,-3,6,1,-6,0,1
-1,14,-4,7,-49,-12,-7,-5,1
-12,-6,-1,14,103,15,6,0,1
14,7,6,-1,-77,-12,-8,1,1
0,-14,-7,1,42,9,3,-2,1
3,5,1,-11,-31,-3,-9,0,1
-15,4,-7,-20,-17,-5,1,-2,1
11,18,11,-9,-15,-6,-1,-2,1
-5,-17,-9,0,22,-11,-24,-3,1
-7,-4,-5,4,46,4,-1,-1,1
-7,-1,-6,5,-59,-6,4,-2,1
-3,-9,1,-1,20,12,3,1,1
6,-4,-2,-16,-30,-9,-4,-2,1
-7,-5,-3,-30,-21,-7,3,2,1
-5,16,4,7,39,2,-3,-1,1
6,-7,-3,22,9,3,-4,-1,1
-7,-6,-9,3,66,4,-4,-4,1
4,5,1,-11,-82,-6,24,0,1
-8,-2,-1,-9,29,6,6,1,1
13,14,6,-5,23,4,-1,1,1
-26,-15,-15,1,-13,3,6,-1,1
2,16,5,8,37,-7,-6,0,1
15,15,0,-8,-64,-7,2,2,1
-3,-5,-6,5,42,7,3,-3,1
10,5,8,-8,-67,-6,5,2,1
-9,-28,-8,15,29,1,-6,-4,1
-4,-1,-1,-4,-4,3,-1,0,1
18,32,5,21,32,10,4,4,1
27,17,8,-10,31,3,-2,4,1
-39,-34,-13,-22,-54,-10,-10,-12,1
10,8,9,-2,-5,-14,-10,-4,1
2,-6,-10,-7,47,3,3,0,1
10,-10,1,-3,-68,8,2,4,1
-27,-19,-9,-15,6,-4,-10,-4,1
7,-4,3,12,37,6,6,1,1
8,25,5,-18,-43,-3,1,2,1
0,12,5,26,13,6,8,3,1
-2,-10,2,14,5,-8,-9,-3,1
6,5,-6,-5,9,10,1,0,1
-27,-18,2,25,46,-5,-3,-1,1
-1,2,-1,-6,-52,-12,-7,-4,1
15,11,7,-21,-14,0,1,2,1
-3,0,1,15,-8,1,-3,2,1
27,11,4,-9,4,3,3,4,1
-44,-46,-18,-7,22,1,-2,-7,1
2,-5,4,10,35,-3,-11,-2,1
14,19,6,8,-35,8,12,3,1
5,-6,2,-25,-3,-8,-7,0,1
0,16,-1,-16,-42,-7,9,-3,1
10,-3,-3,-4,2,-1,0,-1,1
-12,-11,-3,-30,13,-8,-10,-6,1
5,1,-2,41,2,7,9,5,1
-17,-17,-2,-9,27,0,-6,-5,1
11,17,3,2,10,7,4,3,1
13,34,6,-7,-1,-6,0,2,1
-36,-25,-3,-5,-36,-4,-7,-5,1
-1,27,5,3,50,-1,1,0,1
4,2,-5,-8,-76,-6,-12,-3,1
7,10,3,19,43,11,5,3,1
0,-13,-1,2,-17,1,5,1,1
7,9,-4,-16,-1,-2,-5,2,1
12,14,8,13,-27,-1,7,2,1
-27,-35,-10,-8,-15,-9,-3,-6,1
1,18,0,-8,42,0,2,-1,1
1,-25,-4,-4,-20,2,-3,-2,1
1,6,-5,2,28,7,10,-1,1
-23,-16,-5,-9,-40,-11,-12,-4,1
2,15,7,-11,7,0,-5,-1,1
19,10,0,18,31,9,11,3,1
-9,-1,-2,-40,11,2,4,0,1
6,1,0,17,-25,-5,-7,-2,1
-13,-4,-11,-17,-10,-4,-8,-5,1
19,27,12,19,9,2,1,6,1
-1,-24,-6,11,15,3,1,2,1
4,13,4,5,39,11,8,-1,1
-4,-10,-12,-21,-8,-9,-6,-6,1
9,3,9,24,-48,-2,-1,1,1
-5,12,-7,-22,-49,-9,-11,1,1
-17,-7,-9,-11,-2,-10,3,-2,1
13,20,8,26,10,-1,-11,0,1
-10,-7,-2,15,23,7,7,0,1
-6,-10,-3,23,50,1,-11,-6,1
6,-4,-1,2,-6,1,5,3,1
12,19,4,8,-19,-2,4,1,1
-18,-5,-2,-19,-7,0,0,-4,1
9,-2,-4,29,-11,0,0,0,1
-4,-1,-5,-1,-15,-14,-16,-7,1
-7,-2,-1,12,-4,9,20,4,1
6,1,-6,-8,-10,-8,-7,-1,1
2,-4,-2,6,23,9,10,0,1
21,-7,6,5,32,3,-4,0,1
-20,-34,-20,-36,-35,-6,-12,-7,1
-16,-48,-11,-13,-101,-20,-16,-4,1
2,14,2,2,3,1,4,1,1
7,-1,2,21,50,12,7,2,1
9,12,0,-8,2,2,-3,-3,1
0,0,-4,-3,44,5,8,1,1
-3,-7,0,-10,-16,-9,-12,-5,1
-2,-4,-3,-6,-32,3,8,1,1
-5,-22,3,19,15,-1,-3,1,1
-11,-8,-3,-3,16,-1,-6,-2,1
1,8,-2,4,0,-4,7,-1,1
1,6,1,-16,0,7,12,2,1
-3,29,8,7,-11,-12,-15,-2,1
6,19,3,13,47,0,1,-1,1
8,18,2,-11,-42,-14,-7,-2,1
-8,-8,-3,-26,-14,-2,-6,-5,1
10,-8,9,-4,-16,4,12,3,1
8,24,6,13,26,9,4,1,1
-8,-11,-8,-9,-1,-4,-18,-5,1
8,2,2,2,-13,-6,2,3,1
-12,-27,-10,-9,19,0,-7,-3,1
0,14,8,0,108,6,6,0,1
-10,-2,-7,-8,-77,-5,7,2,1
-16,13,5,17,23,3,-7,0,1
13,2,4,-12,4,-1,1,0,1
3,2,-5,11,-1,-1,0,2,1
-7,-2,7,1,29,13,8,3,1
8,-1,-6,-29,-38,-10,-10,-3,1
-23,-20,-7,8,5,-4,2,-3,1
19,21,7,-28,-41,-4,-6,1,1
6,-11,-3,19,27,-1,0,-3,1
-14,-4,-12,-11,-12,-3,-5,-4,1
8,4,0,-9,-17,-3,-9,-3,1
-11,-31,-6,0,-62,-15,-9,-5,1
-3,-13,1,-10,45,3,-2,4,1
15,31,10,26,31,9,1,2,1
-12,-21,-14,-18,-12,-1,-1,-3,1
2,9,3,19,54,3,-3,0,1
-7,-12,-3,-3,-39,2,7,-1,1
-2,4,-2,2,-10,-3,0,-1,1
13,20,4,0,4,3,1,3,1
-5,-18,3,-3,60,14,7,1,1
26,30,-4,-4,-37,-14,-6,-1,1
-49,-86,-17,2,13,1,1,-5,1
5,25,3,-5,-33,-11,0,0,1
-3,14,3,-17,7,9,-1,-2,1
1,-12,4,3,50,1,1,0,1
10,21,-3,-9,-56,-3,-2,2,1
7,22,11,19,28,1,6,2,1
-5,-21,-12,1,-16,6,5,0,1
-3,3,0,-15,4,0,-6,0,1
19,12,6,14,11,-2,2,1,1
-32,-48,-9,-9,21,4,0,-4,1
2,9,-2,1,-42,-5,-2,-1,1
-3,23,6,-16,29,3,-1,1,1
15,6,7,22,6,-1,8,2,1
-4,-7,2,6,24,-1,1,0,1
-1,-3,-9,-18,-27,-4,1,-2,1
14,25,11,4,-4,-2,-1,1,1
-15,-14,-10,-6,3,-1,-8,-4,1
0,-4,-1,23,-30,3,1,0,1
23,36,3,-14,17,-5,-1,0,1
-31,-33,-11,-5,-24,1,-1,-7,1
4,24,3,-10,13,-1,0,-3,1
14,6,3,9,6,16,11,6,1
0,-12,4,19,5,-12,-14,-3,1
1,11,-4,7,4,2,2,-3,1
-19,-10,5,-2,1,-4,2,-2,1
12,9,1,-9,-22,-5,-10,0,1
-5,-4,2,-12,-12,11,24,2,1
-11,-21,-4,33,37,2,-3,-2,1
2,-12,-7,-13,-27,-12,-10,-4,1
-1,0,-7,-1,16,0,2,-1,1
0,4,-5,-34,-21,-11,-9,-2,1
-3,-21,2,14,-39,2,0,0,1
10,5,-1,1,19,8,9,4,1
-8,8,3,6,53,5,1,1,1
13,15,0,11,-62,-8,-5,0,1
-18,-19,-5,1,21,7,-3,-5,1
17,11,0,-11,-29,-6,1,1,1
-12,-15,-3,0,2,-1,0,-2,1
-1,-4,-5,1,-9,0,-2,-3,1
10,5,4,4,-22,-5,4,3,1
-7,4,3,1,1,3,-4,0,1
-2,-15,-6,-24,8,0,1,-4,1
-2,15,-2,17,30,-5,-3,-1,1
-8,-29,-5,-6,-25,-4,0,-1,1
-1,6,-2,10,27,-5,-18,-2,1
9,18,-1,-10,-45,-9,12,-1,1
-6,-26,-3,8,-5,-8,-10,-1,1
-7,2,-8,-21,47,1,-3,-3,1
7,-2,1,-6,-58,-2,5,-2,1
-17,-7,-2,13,52,8,-8,-4,1
0,0,-2,-7,-2,-6,0,0,1
9,-2,-8,-7,-39,-5,3,3,1
-15,-22,-1,3,37,11,-4,-1,1
2,-9,-1,7,-66,-15,1,-3,1
-12,0,2,-3,32,8,-3,-4,1
-2,3,2,5,20,5,5,3,1
10,30,5,20,80,10,5,2,1
10,11,-5,-10,-85,-26,-19,-5,1
-17,-19,-4,10,12,1,-1,-2,1
8,18,1,-15,29,-3,4,-2,1
13,21,5,-6,-26,7,12,5,1
-7,-18,-8,14,56,10,1,0,1
-9,-15,-3,-25,-40,-6,2,0,1
10,-3,-1,10,8,8,-3,1,1
-13,-27,-11,-10,-6,-2,-2,-2,1
8,15,5,-3,-6,-12,-6,0,1
-5,-2,0,1,0,5,1,0,1
3,10,3,6,20,8,5,5,1
-14,-35,-6,-5,-2,2,9,-2,1
-1,-3,4,2,-17,-7,-6,1,1
-3,9,4,5,-13,1,5,1,1
6,5,9,13,32,-1,-5,0,1
7,15,-5,-3,-35,-8,-6,-3,1
-9,-22,-3,0,42,14,3,0,1
-6,-15,-4,-40,-52,-8,1,0,1
-2,-11,-8,-12,-17,-11,-5,-2,1
-2,21,2,14,45,8,2,-3,1
2,1,0,0,-22,-9,-8,-1,1
4,-4,0,12,-17,-3,-1,-1,1
-7,-2,-6,-14,16,-5,-6,-2,1
25,17,3,-5,-23,3,6,6,1
-27,-48,-13,-7,-2,4,2,-3,1
6,7,5,13,29,2,-4,-1,1
-15,-23,-2,23,11,3,1,-3,1
11,3,2,-14,-40,-9,-6,1,1
13,9,0,-6,24,5,3,1,1
3,-3,-1,17,13,5,-1,1,1
-10,-21,-3,-4,-42,-5,-7,-2,1
-6,-10,0,23,38,2,-1,2,1
9,29,9,-30,-41,-1,7,3,1
-16,-8,-11,-12,2,-11,-10,-7,1
9,21,1,3,-8,-3,13,-2,1
8,-1,1,12,32,7,-9,0,1
-16,-36,-16,-6,6,-9,-1,-2,1
16,-18,-3,13,-2,-3,1,2,1
-18,17,2,-4,-2,0,-1,-4,1
-10,-14,-6,-21,-22,-9,-8,-2,1
14,33,5,10,9,6,3,1,1
16,24,7,-9,-10,6,9,5,1
-11,-7,-6,6,-20,-3,-3,-5,1
-3,3,4,5,27,-2,0,-2,1
4,17,-1,8,17,8,-1,2,1
-6,2,-2,-5,-30,-5,-5,-5,1
-1,-17,-1,-9,0,0,-1,0,1
11,11,-4,9,-8,-3,-13,-1,1
-21,-31,4,-1,-24,-1,2,-3,1
-1,-10,1,-18,23,-5,-7,-4,1
4,2,-6,16,20,8,7,5,1
-5,-2,1,23,29,2,6,1,1
10,12,1,-16,-47,-4,-12,-6,1
-3,-12,-6,7,12,9,12,5,1
22,15,4,-21,22,6,-2,1,1
-30,-32,-9,-3,-8,-8,-4,-3,1
10,24,5,2,-5,1,-2,0,1
-11,5,1,3,10,-1,-2,-2,1
13,9,1,14,8,1,2,2,1
0,-1,2,-9,-26,1,-3,0,1
-6,-2,-10,-13,0,-16,-5,-6,1
3,-1,5,13,-24,-6,-17,-2,1
5,10,5,-2,1,3,19,4,1
-14,1,-4,-5,-5,2,3,0,1
-22,-17,-4,-10,20,6,2,-3,1
12,44,2,13,15,-2,-2,1,1
2,-13,-1,-30,-51,-4,-3,0,1
-11,14,0,14,20,-6,-6,-3,1
15,21,1,-10,-15,-5,0,1,1
-6,-10,-7,-20,-15,0,4,-2,1
-2,-15,2,12,10,-6,-11,-4,1
-2,-9,-8,-35,-5,-4,8,-1,1
-6,-5,0,24,35,3,-5,0,1
0,-15,-1,-4,-25,-2,-4,-2,1
1,29,-4,-22,-16,-15,-11,-2,1
10,-20,5,20,16,3,16,2,1
-10,11,-4,2,6,0,-6,-2,1
-5,3,-1,-14,21,8,18,2,1
11,20,15,34,3,2,-11,2,1
3,-11,-10,-1,28,8,1,-1,1
-3,-25,-2,-12,-82,-16,-4,1,1
-2,9,5,9,66,10,6,2,1
-6,-20,-11,-24,9,-4,-10,-2,1
-2,9,1,-20,-61,-16,-12,-5,1
7,-19,-1,19,41,11,2,0,1
-11,-26,-13,-9,-37,-8,-3,-3,1
-12,12,2,6,21,1,-2,-4,1
3,2,4,-1,2,2,-3,0,1
6,11,0,0,-16,-4,-5,-2,1
0,-10,0,6,10,1,3,5,1
-15,-18,-11,-22,-15,0,-4,-2,1
-1,-1,11,2,6,-6,0,-3,1
-1,21,2,-4,7,2,1,3,1
6,22,11,33,21,5,2,0,1
7,29,1,7,-10,-1,1,-1,1
-11,-6,1,-4,11,6,-3,-1,1
-7,-15,-4,1,-14,-3,6,4,1
6,1,1,-3,17,-6,-5,-2,1
-5,-28,-5,-7,-1,3,4,-2,1
-3,-2,-4,9,-58,-4,-6,-2,1
11,17,4,19,13,-5,1,-2,1
8,1,-1,-4,3,1,0,-3,1
-36,-33,-7,10,24,0,-4,-7,1
-3,7,2,-16,-18,5,7,1,1
4,-2,2,-11,-9,2,-7,0,1
-3,-20,-7,7,-38,-9,12,1,1
6,15,7,6,25,-1,-2,-1,1
0,-36,-5,14,32,6,-5,1,1
-10,17,8,1,-4,-5,-3,-4,1
11,11,-2,19,31,11,1,1,1
0,-6,-4,0,-44,-7,-3,2,1
12,10,-2,-20,-20,-5,7,2,1
-8,-2,0,-6,42,3,-11,-8,1
-16,-15,-2,0,-68,-10,-7,-6,1
25,14,2,3,51,0,-7,3,1
-17,-13,-4,-5,-1,-3,0,-2,1
-5,-5,-1,-7,-2,11,6,1,1
-8,4,-3,-8,-38,-17,-7,-7,1
6,9,5,5,-34,-6,-13,-2,1
-2,5,-9,-4,4,-3,-3,-3,1
11,-4,4,-4,43,4,8,-1,1
-13,-10,-8,4,-15,-2,-3,-2,1
7,16,1,19,4,6,8,1,1
18,18,9,13,40,-4,1,5,1
-23,-37,-9,-12,-32,3,0,-2,1
9,34,4,2,29,0,0,1,1
-3,-10,0,-20,17,3,5,-2,1
-6,2,-1,-8,-15,-7,-5,-4,1
18,3,5,31,23,2,5,6,1
-6,-10,-3,-20,19,3,-13,-1,1
28,15,-7,-22,-52,-13,8,1,1
-49,-85,-15,-9,23,-1,3,-4,1
16,36,0,-8,-40,-5,0,1,1
8,15,6,13,37,13,3,2,1
-2,-9,-5,4,33,10,2,2,1
2,6,2,20,-2,4,-5,-2,1
-7,-22,-14,0,2,-2,6,0,1
-2,2,1,-1,28,8,1,0,1
-8,-15,0,2,-14,0,12,-1,1
23,47,8,-17,-37,-10,-3,2,1
-21,-24,-8,6,22,-5,-16,-3,1
-12,-2,-3,-4,-28,-17,-14,-5,1
-5,-2,-5,-6,1,5,5,-1,1
-11,-20,-7,0,-24,-6,1,-2,1
13,12,2,-22,-2,-7,-3,-2,1
18,-6,-6,-6,32,3,6,2,1
-42,-16,-1,-8,-15,-2,-7,-2,1
3,-20,-8,-15,27,-3,-5,-2,1
7,23,8,7,-3,6,0,-1,1
0,-7,-2,-9,-59,-4,0,0,1
12,4,4,-12,34,5,2,1,1
-7,10,0,4,-37,-1,4,-3,1
-1,-9,0,3,-3,-12,-13,0,1
-4,-7,-8,-19,23,0,-3,-4,1
-1,6,5,14,-14,3,3,3,1
9,14,1,-1,-11,-6,0,0,1
8,-5,5,17,17,7,9,1,1
-11,1,5,5,-3,-5,-7,-1,1
6,-3,-11,-10,16,-10,-5,-2,1
2,0,-4,-1,-40,6,1,2,1
-9,-3,0,2,20,1,-1,-1,1
13,-10,0,10,17,8,13,5,1
1,13,8,10,10,-9,-12,-1,1
5,7,0,-5,21,7,7,1,1
0,3,-7,-19,-13,-1,-6,-2,1
-1,-12,1,-2,-17,-1,8,3,1
7,0,0,9,9,0,-3,0,1
4,9,3,2,3,-2,-9,-2,1
0,12,0,-8,-10,1,8,1,1
2,-14,-2,22,16,-5,-3,-2,1
-18,-11,-3,4,-13,1,0,-3,1
8,15,3,1,-11,-1,-2,-1,1
-5,-5,-1,-4,-16,-1,1,1,1
7,28,6,-5,-21,-4,1,2,1
-13,-20,-12,-5,-14,-9,-5,-7,1
7,10,6,16,38,11,4,2,1
0,9,-2,4,21,-2,1,-1,1
0,-6,-1,-22,-58,-6,-3,-1,1
14,19,2,7,-25,0,1,3,1
-11,-22,-10,-22,-10,-4,3,-5,1
12,-5,2,-5,22,0,0,1,1
-16,-14,-7,-1,-6,1,4,0,1
-1,-1,0,1,39,2,-4,0,1
-2,6,-2,6,-34,-10,-10,-3,1
-2,6,1,13,16,6,5,0,1
-5,15,-6,-31,-29,-5,-6,-3,1
4,-1,5,11,15,-1,-3,-2,1
7,-1,8,5,-12,4,8,5,1
1,8,2,16,-7,-5,-4,-2,1
-1,-2,3,4,27,7,0,0,1
-7,-10,-4,-1,7,1,-6,1,1
0,2,-6,-28,0,3,-6,-1,1
-21,-21,-12,-3,-75,-21,3,-3,1
8,-4,3,8,38,3,-7,-2,1
8,7,0,-2,-9,1,4,2,1
-28,-27,-4,28,67,17,9,0,1
0,-2,-7,-33,-80,-16,-8,-3,1
3,7,1,12,37,-1,-3,-2,1
-2,-2,-5,-25,-30,-2,1,0,1
26,49,12,5,36,3,-5,3,1
-20,-36,-6,14,38,3,6,-3,1
-6,-2,-4,-15,-23,2,4,2,1
17,8,6,5,29,3,0,2,1
-5,-9,-6,-14,-29,-15,-10,-9,1
7,6,3,-11,-21,2,0,0,1
3,-1,-3,-16,-20,-14,-17,-6,1
-25,-51,-11,8,16,6,9,-2,1
15,22,8,20,42,2,-1,3,1
-7,-11,1,-26,-69,-8,-4,0,1
-6,-20,-1,14,52,9,-6,-3,1
2,2,-2,1,-33,-10,-6,-1,1
-1,-1,5,-5,9,-2,10,1,1
-5,-9,-2,6,-12,-1,1,-1,1
2,4,2,12,40,11,5,1,1
16,13,7,19,9,2,0,1,1
-30,-52,-18,-34,-41,-11,-4,-6,1
10,19,4,20,46,7,-8,0,1
3,10,0,-17,-32,-9,3,2,1
-12,-17,0,10,0,1,14,-4,1
-10,-8,-7,-5,20,4,-4,-3,1
1,17,3,-18,-8,7,-7,0,1
2,-2,6,5,-47,-12,2,-1,1
-1,-1,-4,-23,-20,0,-2,-2,1
-10,0,5,25,32,1,0,2,1
3,7,-3,10,80,7,2,0,1
-3,9,-2,-11,-65,1,0,-2,1
1,2,1,0,-2,-5,-8,1,1
2,0,2,-13,-42,-10,-3,2,1
8,-7,-6,20,73,14,3,-1,1
-17,-31,-12,-11,-35,-13,-15,-7,1
-9,24,8,0,0,1,11,-1,1
3,-18,-8,13,0,3,3,-1,1
7,3,7,-12,-20,-3,-7,2,1
-9,0,-4,6,38,10,7,0,1
11,10,-3,-8,-22,-10,-12,1,1
-14,-18,1,5,-1,0,-2,-4,1
-5,-14,-7,-46,-17,-7,5,-2,1
5,-1,-1,9,-19,1,-2,-2,1
-11,-5,-4,-2,10,3,-2,-3,1
8,19,4,18,-7,-3,-4,-1,1
11,13,1,10,91,1,-7,-3,1
-12,-3,-4,-17,-75,-8,-1,-4,1
4,-6,2,12,24,3,-1,2,1
0,-1,-5,-20,-12,0,-7,-1,1
-1,7,5,28,7,7,13,-2,1
3,-17,-15,-14,45,5,7,2,1
0,14,6,16,25,0,5,-4,1
17,17,-2,-42,-39,-10,-6,3,1
-32,-32,-4,-8,-45,-6,1,-5,1
29,37,15,14,9,3,-2,3,1
-19,-44,-12,-8,2,2,-5,-4,1
-6,-19,-1,9,26,4,-3,2,1
7,13,8,2,-8,1,9,1,1
3,-8,4,8,103,9,-3,2,1
12,14,-6,-30,-92,-18,-7,-3,1
-3,17,1,18,2,2,1,-2,1
5,-4,-8,-28,-39,-9,1,0,1
-19,-25,3,17,18,3,-1,-1,1
-5,-10,1,14,48,5,-5,1,1
13,17,1,-12,-13,6,7,1,1
4,-3,-15,-20,-41,-16,-12,-2,1
-4,1,6,20,45,4,-1,-1,1
15,18,-6,-42,-80,-15,-9,-1,1
-19,-13,4,24,-14,-3,3,-2,1
-8,-27,-4,17,49,11,-5,-3,1
16,27,2,-7,-11,5,10,4,1
-16,-19,-6,6,17,-3,-13,-2,1
-2,-6,-3,-6,-17,-7,-6,0,1
13,14,8,26,45,8,1,4,1
-19,-37,-20,-19,-71,-9,3,-5,1
8,17,11,9,17,6,4,3,1
20,15,2,4,15,1,1,2,1
-11,10,-3,13,15,4,-8,-3,1
2,14,1,-16,-23,-7,-4,-2,1
-2,2,-5,9,26,-2,4,0,1
7,-3,2,-21,-10,-3,-5,-4,1
-1,-2,-1,-2,-18,1,-2,2,1
4,3,2,0,-23,-1,7,0,1
-8,11,4,-7,1,7,2,2,1
13,16,6,20,7,-5,-3,3,1
-4,-12,-2,-9,-5,-2,7,-2,1
-4,9,-2,-10,9,1,-17,-2,1
-1,-6,3,19,28,1,3,-2,1
1,2,-11,-25,-28,-6,-1,-1,1
-3,-6,-1,13,0,3,3,1,1
15,13,5,10,44,1,2,0,1
-19,-35,-9,-24,-52,-6,-5,-5,1
-26,-14,-6,-6,8,-7,-6,-6,1
5,18,1,11,-8,-6,-5,-2,1
17,25,0,-2,30,8,-4,5,1
7,8,-1,-10,-42,-7,5,0,1
-7,22,7,7,22,0,-3,0,1
-11,-31,-4,7,46,9,-1,0,1
5,9,0,-22,-88,-24,-8,-2,1
26,19,5,18,30,7,0,4,1
-35,-71,-15,-7,3,1,3,-7,1
17,20,5,-10,16,4,-1,3,1
-13,-21,-6,22,19,-8,-4,-4,1
2,-1,-4,-19,-35,-6,-7,-3,1
-4,-8,0,10,2,7,2,-2,1
-8,2,-9,3,-6,-3,-5,-2,1
-10,-18,-2,-19,32,2,5,-1,1
-5,10,-4,-1,-51,-5,-2,-3,1
19,15,7,11,42,7,4,5,1
-14,-15,-3,-8,-36,-3,7,-1,1
10,25,-1,-10,-4,2,-5,3,1
-19,-30,2,27,53,7,2,-4,1
6,7,-3,-9,-41,-3,-1,-1,1
16,5,1,-8,-55,-11,-1,-2,1
-23,-21,-2,4,11,-3,-8,-7,1
15,7,-2,1,27,6,6,6,1
-28,-25,-10,-1,11,3,1,-4,1
15,27,13,-34,-10,-4,-6,-1,1
0,-15,-3,18,12,0,2,-2,1
-17,0,2,19,1,-5,-7,-5,1
6,0,-3,-21,0,-8,-2,-2,1
9,17,2,10,-2,-2,-2,1,1
-15,-18,-1,-13,-8,6,4,-2,1
-4,10,0,-9,3,1,4,-3,1
11,16,2,18,46,4,8,1,1
-11,-8,-4,-9,-35,-4,-7,-1,1
13,27,9,22,7,3,2,3,1
14,8,-4,-12,7,-7,-3,-1,1
-3,2,3,-6,-15,0,1,-1,1
-5,-3,-5,0,-31,-6,3,0,1
8,0,-2,7,-3,3,3,2,1
-8,-3,-2,-20,-22,-6,-4,0,1
19,28,7,10,18,2,-1,1,1
-7,-14,4,23,23,1,-1,1,1
-10,-26,-12,-18,-2,2,2,-6,1
7,5,4,-13,-23,-8,4,1,1
4,-17,1,3,-12,-2,-7,2,1
-11,-7,-1,25,-14,-6,2,-2,1
20,33,9,12,35,5,2,3,1
-30,-35,-12,0,-13,8,-2,-5,1
0,-10,-6,-1,-12,-6,-3,-2,1
6,11,-4,-11,27,4,2,1,1
-2,-4,0,-10,-17,-5,8,-1,1
-2,4,-2,13,30,2,-9,-3,1
9,13,3,-7,-58,-9,3,1,1
1,2,0,1,16,-3,-7,-4,1
-26,-45,-7,3,-23,-9,-1,-2,1
8,19,1,2,17,3,2,2,1
9,10,4,-4,18,12,8,1,1
-8,-22,-5,-8,-24,-10,-9,-5,1
4,18,8,-10,19,3,-4,4,1
19,16,6,16,2,-3,11,3,1
-41,-22,-6,2,-34,-2,-12,-3,1
14,8,-2,12,36,7,7,3,1
-7,-7,-4,-14,-48,-8,5,-7,1
-2,-10,1,15,41,5,-1,-1,1
19,19,5,1,12,2,1,5,1
3,-2,-4,-22,-27,-2,0,2,1
-25,-20,-11,-2,5,-2,-2,-2,1
17,19,1,-15,-47,-4,-1,1,1
6,9,2,12,20,-2,-3,-2,1
-17,-34,-3,32,35,16,2,-1,1
18,20,-2,-29,-16,-8,-2,-2,1
-8,-20,7,-3,21,-2,-4,2,1
-3,-1,-5,4,6,-1,4,-2,1
16,20,6,-6,-15,-2,-1,1,1
2,14,-2,10,23,4,-9,-2,1
-15,-18,2,-10,-13,-9,1,-7,1
-15,8,2,14,12,5,-7,-2,1
9,8,4,5,45,4,4,-1,1
-10,2,-5,-23,-62,-17,4,-3,1
-6,13,-5,-7,5,3,-2,-1,1
27,25,10,19,18,-1,2,2,1
-16,-37,-6,-2,-12,-4,-6,-4,1
10,3,-1,29,34,11,-1,0,1
-9,-11,-3,-17,-30,-7,6,-3,1
28,33,4,0,38,-1,-3,-1,1
-60,-72,-19,5,-52,-3,-3,-9,1
10,12,-4,-6,29,-4,-14,-1,1
1,-16,0,-1,-36,-2,-1,0,1
5,8,-6,-16,-3,-3,-3,1,1
-8,3,3,-6,24,-4,11,-2,1
5,-2,2,15,-8,10,-2,1,1
-3,-6,-4,0,65,3,2,0,1
-1,-3,0,-3,-94,-7,-3,-1,1
10,22,-3,-20,-20,-6,-9,0,1
-14,-13,2,9,17,0,10,0,1
15,25,-1,15,26,9,-3,2,1
-14,-25,-2,-24,-7,9,6,-2,1
15,23,-1,3,-17,0,6,3,1
-28,-49,-9,26,2,-10,-7,-8,1
10,17,3,10,38,4,0,1,1
-31,-49,-14,-39,-66,-14,-10,-6,1
19,34,10,-3,9,6,4,0,1
22,27,9,1,-4,-1,-7,5,1
-19,-32,-17,-12,-4,2,10,-4,1
-5,4,2,33,51,2,-6,-1,1
9,9,-4,-32,-45,-6,-4,0,1
5,18,7,13,54,0,6,1,1
6,1,3,3,-71,-6,-12,2,1
-7,2,-3,11,35,0,3,-3,1
8,4,3,-8,4,-2,-7,0,1
8,15,-2,-7,-6,2,4,1,1
-12,-35,-1,2,6,0,-6,-3,1
-13,-36,-13,-8,-1,2,4,-2,1
-11,-7,2,7,9,-7,-5,-2,1
0,1,1,-7,-11,4,0,0,1
6,12,-1,-7,4,1,-7,-1,1
-1,-11,-2,-5,3,-5,3,1,1
0,27,-2,-4,2,2,7,1,1
-6,-16,1,8,2,3,-8,-2,1
3,9,-4,-11,-20,-1,12,1,1
0,0,0,9,37,1,-7,-3,1
15,2,1,-35,7,9,5,5,1
-15,-33,-12,12,-46,-11,-2,-6,1
8,16,0,-11,-39,-12,-9,-2,1
-19,-19,-10,-8,13,-7,-3,-6,1
12,13,16,19,20,2,4,2,1
3,7,-3,-20,-20,-4,-10,1,1
-5,5,-4,3,45,11,5,1,1
9,2,-2,-8,-65,-10,2,-1,1
-8,6,7,31,64,3,-10,-3,1
1,9,-2,-9,-47,-1,3,0,1
2,10,3,-1,8,3,0,1,1
-8,-4,6,24,38,2,-8,-1,1
10,6,2,14,-5,3,4,2,1
-8,7,-3,-27,25,6,-8,-5,1
10,-9,-3,7,-23,-13,1,2,1
-1,-2,-1,-20,-32,-3,-2,0,1
1,0,-4,-6,-12,-8,-8,0,1
-12,-37,-2,1,37,3,-1,-3,1
4,31,7,11,15,11,3,0,1
-2,-16,-3,3,16,1,-1,-4,1
-11,7,-10,-7,-33,-9,6,0,1
5,9,3,-11,27,6,2,0,1
-13,4,-5,-2,0,-3,-6,-5,1
14,14,9,6,18,5,6,3,1
-10,-22,-14,-3,3,0,-6,-6,1
0,18,8,-10,-47,-8,-5,0,1
-15,-39,-12,-14,11,-6,-5,-5,1
18,28,5,-14,-42,0,9,5,1
-18,-20,-5,6,3,2,-5,-1,1
23,22,8,30,-14,-4,6,2,1
-18,-9,-4,-10,21,5,1,-1,1
-1,-19,3,7,-17,3,-4,3,1
10,10,-1,-21,-9,-9,-14,-4,1
-13,0,2,13,14,0,5,1,1
7,-3,4,28,-12,6,2,3,1
7,18,-2,-12,47,3,4,1,1
5,29,10,-23,-56,1,6,2,1
-24,-36,-8,-7,-5,-7,-5,-5,1
11,5,-2,-1,-7,-5,-1,1,1
-15,-14,-1,16,23,4,0,-7,1
6,-3,-4,11,32,6,0,-2,1
12,8,-3,-28,-46,-10,-7,-1,1
-11,10,0,11,-1,-4,-3,2,1
1,-7,-7,-29,-29,-5,0,-3,1
5,-4,3,1,3,8,2,2,1
5,19,2,9,2,3,12,0,1
6,0,-2,6,-4,-4,-8,-5,1
1,16,5,3,11,-1,-1,2,1
2,-30,-2,30,23,4,-6,-3,1
-10,-6,-3,-9,1,-2,3,0,1
0,-1,8,-5,7,-1,1,0,1
-7,2,-6,2,-17,-2,1,-1,1
9,9,-1,-7,7,3,3,0,1
-6,2,1,-10,34,7,-2,-1,1
-28,-32,-14,-12,-78,-20,-7,-8,1
11,-6,1,17,31,3,1,1,1
-17,-14,-14,-33,-20,-12,-7,-3,1
8,7,3,19,94,18,-3,0,1
-8,5,-3,-9,-15,3,11,-3,1
1,13,2,7,-22,-9,-9,-4,1
23,8,-2,0,-18,0,4,5,1
-5,-12,3,17,26,5,2,0,1
-10,7,5,5,5,0,-4,-5,1
12,23,-3,-11,-10,-10,-9,1,1
-24,-34,-1,5,27,0,0,-3,1
15,30,4,25,3,6,7,-1,1
8,-7,-4,-3,2,-4,-4,-1,1
-2,9,8,-9,-7,-5,-2,-2,1
-12,4,2,-8,-66,-11,-7,-4,1
14,-3,0,-3,-8,-1,8,4,1
6,-9,3,18,36,7,-6,-4,1
-2,15,-5,-6,25,10,6,3,1
4,-1,1,5,21,2,-12,-3,1
-12,-20,-7,-15,-35,-7,2,-1,1
17,22,5,-6,-23,-7,1,4,1
-11,-18,-6,0,15,-6,-4,-5,1
2,11,3,13,-49,0,7,3,1
-5,-19,-17,-11,1,-4,-6,-3,1
8,10,6,8,30,10,3,1,1
-13,-16,-8,-10,19,10,6,-2,1
1,-4,1,26,-8,-11,1,0,1
22,11,10,20,-3,8,2,3,1
-16,-31,-11,-36,-16,-9,4,-1,1
-8,-22,-11,1,-37,-1,4,2,1
19,58,8,-9,66,1,-4,1,1
-16,-14,-3,-7,-62,-10,0,-3,1
14,0,4,13,34,10,-4,1,1
-2,-5,-15,-37,-37,-9,-3,-1,1
-13,-29,6,46,59,-1,1,-3,1
-12,-13,-16,-56,-62,-10,-8,-4,1
-20,9,-7,-26,-38,-12,-9,-6,1
31,16,10,27,5,-4,-1,2,1
-25,-38,-9,13,37,12,4,-2,1
6,16,6,20,1,-4,-2,-2,1
5,-21,-6,-4,17,10,2,5,1
-16,-13,-2,-16,-16,-10,-6,-5,1
-5,-12,-11,-35,-32,-7,0,-4,1
11,20,6,21,13,5,2,3,1
3,11,-2,8,19,-2,-5,-1,1
5,-1,5,15,14,11,11,3,1
-1,16,0,-4,21,-7,3,-2,1
6,0,-3,-17,-12,7,-3,1,1
-5,-15,0,13,-2,0,0,-1,1
-12,-6,1,-15,-37,-10,-12,-4,1
1,-2,-9,0,-12,10,11,1,1
-2,2,0,-11,41,-2,-5,-1,1
15,20,6,3,-4,-7,-2,-1,1
-10,-4,6,29,43,14,14,2,1
2,-10,1,-8,-1,9,7,1,1
2,11,-2,8,16,-9,-23,-4,1
3,-4,1,-1,-34,1,8,0,1
-17,-18,-2,-9,-7,-6,-6,-2,1
10,12,5,9,-12,-10,-12,-3,1
-16,-18,-1,24,30,-1,-2,-4,1
6,23,2,-14,34,0,1,-2,1
-5,-7,1,16,-30,-3,1,0,1
16,31,-6,-55,-59,-1,-5,3,1
-18,-32,-4,23,56,8,6,-3,1
0,2,-2,-5,-39,-6,-11,1,1
-4,15,0,13,4,2,-4,-2,1
9,14,8,5,22,-5,-3,1,1
22,9,1,-22,-52,-6,12,1,1
-44,-44,-6,0,13,4,6,-4,1
16,11,-1,-3,7,-1,-6,0,1
-3,-6,0,15,-6,-4,1,0,1
-12,-25,-11,-34,-29,-1,-5,-3,1
19,21,5,9,26,0,2,4,1
-12,-2,-11,-12,-29,2,-1,-4,1
0,-3,9,24,10,-6,-2,1,1
-10,5,-9,-16,15,2,1,-3,1
3,-8,-1,-9,-17,-2,0,-2,1
3,0,3,-11,40,6,1,1,1
-6,-14,-9,-1,-92,-8,-6,-4,1
19,21,11,10,35,6,18,5,1
-4,-19,-11,-2,8,-1,-12,-4,1
-23,-22,0,5,19,8,-4,0,1
-4,-1,5,8,68,5,5,-1,1
1,3,2,9,-33,-7,6,-1,1
24,6,-4,-19,-36,-10,-9,0,1
-12,-19,-2,8,0,2,9,-2,1
-13,-19,-8,0,17,0,-12,-6,1
-5,3,-7,0,-7,-4,-4,1,1
4,15,8,20,35,6,3,-1,1
10,7,0,6,-7,-2,2,-1,1
1,-3,-4,-28,-26,-7,-2,-1,1
-7,-23,-8,7,32,-10,-14,-5,1
7,15,3,-5,-82,-7,8,2,1
-19,-37,-1,19,8,2,-5,-5,1
4,10,3,5,16,11,12,4,1
-8,8,-1,-25,-44,-13,-7,-3,1
3,9,2,20,42,-2,-2,2,1
-3,3,-1,6,0,-2,-5,-4,1
1,-15,-5,-11,-2,-5,-9,-3,1
12,10,-1,9,-18,3,3,1,1
-36,-41,-8,-11,9,2,3,-4,1
17,24,3,-4,-11,-5,1,-1,1
3,8,3,23,43,13,7,4,1
6,13,3,-8,-9,-1,-4,0,1
-1,-10,-4,-4,19,-1,-9,-4,1
-7,-5,-14,-16,-29,-9,-3,-3,1
-3,1,3,-8,-25,2,6,2,1
13,29,5,-15,1,1,-5,1,1
-17,-22,-5,18,29,3,1,-2,1
5,6,3,-5,-27,-4,-6,1,1
4,12,-4,-1,47,-1,-2,0,1
-2,-2,-5,-14,-70,-7,9,0,1
7,18,0,11,47,18,16,3,1
0,-3,1,1,-14,-11,-8,-2,1
4,-1,1,-5,-19,-1,2,2,1
-20,-7,-2,-7,0,0,-3,-4,1
31,18,6,7,19,2,5,2,1
-14,-24,-5,12,14,3,-5,-3,1
-5,-14,-3,-19,-7,-3,5,0,1
-14,-36,-9,-4,7,-5,-12,-5,1
3,24,3,-4,-42,-5,-5,0,1
20,24,5,-5,22,-2,0,3,1
7,13,1,-2,-16,-2,-2,1,1
-22,-64,-9,12,29,4,0,-3,1
6,13,1,-26,-20,0,-6,0,1
12,15,7,13,67,4,9,2,1
-9,-1,-8,-6,-48,-5,-9,-5,1
14,29,6,19,45,11,3,4,1
-19,-15,-9,-8,-71,-15,-3,-6,1
6,6,3,-8,15,3,0,3,1
-8,-12,-4,23,12,-5,-3,-3,1
4,10,8,3,20,4,0,-1,1
-6,-21,-2,-16,-10,-8,-3,1,1
14,19,2,12,-26,0,1,-1,1
-16,-31,-17,-5,54,-3,-8,-7,1
3,11,4,-2,-93,-12,-14,-1,1
-9,24,-5,6,38,9,17,1,1
5,15,5,-17,-16,-7,-2,-1,1
3,3,10,14,23,9,1,0,1
-8,10,-6,7,22,-6,-14,-4,1
8,-14,-4,-2,7,-3,-7,0,1
-5,-14,-10,-35,-37,-9,5,-2,1
7,7,1,12,37,0,-3,-2,1
-14,-21,3,10,-31,-14,-7,-5,1
10,-3,0,8,5,-2,-4,1,1
-10,-14,-7,-2,18,11,3,-1,1
10,11,-1,-15,-22,-8,-2,0,1
-1,-6,-3,3,0,1,5,0,1
-6,5,8,20,16,3,-3,0,1
-7,-11,-10,4,-15,2,12,0,1
9,29,13,-6,-40,2,-5,-1,1
-4,-38,-9,-4,35,3,1,-1,1
-18,-13,-6,-3,-27,-4,-7,-2,1
22,35,10,3,6,2,-2,4,1
-5,-22,4,9,21,10,12,3,1
-22,-1,-2,-8,-12,-4,-5,-3,1
12,8,6,6,24,0,4,-1,1
-6,-14,-6,16,24,4,-5,-3,1
10,16,-1,-35,-44,1,4,3,1
-4,-12,2,23,12,-3,8,-3,1
-4,5,-4,-13,-44,-1,9,-3,1
-4,-6,-7,-6,34,-1,-13,-3,1
-7,-2,1,10,29,-5,-8,-4,1
21,19,-9,-9,-18,7,11,7,1
-7,-20,4,-15,-25,-4,-3,-1,1
-9,-7,-2,7,19,5,1,-2,1
2,3,0,3,15,-6,-4,0,1
14,38,9,3,-2,-2,-4,2,1
1,-16,-7,7,63,3,-8,-4,1
-12,-11,-2,-7,-64,-8,-4,-3,1
-7,-6,-11,-28,-5,7,8,1,1
5,38,7,7,-13,1,-1,-2,1
20,27,11,10,-5,1,12,3,1
-12,-13,-7,-13,14,0,-1,-4,1
-3,1,9,14,-10,1,-3,-3,1
17,15,1,-4,20,10,15,10,1
-15,-17,-4,-3,-17,-5,-10,-5,1
-2,-15,1,-5,14,-7,-8,-1,1
16,12,-3,2,-28,2,18,3,1
-9,-12,-2,-22,36,-3,-13,-7,1
-21,-11,2,23,-17,-4,-3,-1,1
16,28,10,14,8,3,2,2,1
-3,9,2,-4,15,-1,-4,-3,1
15,-20,-7,-6,-1,7,-8,2,1
-30,-23,-16,-11,14,-16,-11,-10,1
13,17,4,-19,-49,-11,-2,1,1
-19,-26,-7,1,-2,-3,-4,-2,1
2,10,4,5,7,7,1,0,1
6,-2,1,4,61,9,4,3,1
9,10,10,-2,-44,5,-1,2,1
-14,-23,-12,-8,-4,-10,4,-1,1
2,-16,4,-6,-1,-1,5,-1,1
-3,14,-6,-10,-2,7,2,1,1
-13,-5,-5,2,14,-6,-5,-3,1
8,13,10,-7,-52,-10,0,1,1
-5,-2,-11,-1,12,3,4,-1,1
19,16,5,4,3,6,8,7,1
0,-2,1,-9,5,-1,-13,-1,1
-10,-12,-12,6,-31,-10,-3,-3,1
3,6,5,-11,32,2,10,3,1
20,22,1,-2,-38,-11,-11,-1,1
-8,-6,-2,-9,28,5,0,-1,1
